S3150800000008B800205D0200084D8E0008C96F000878
S31508000010018E0008AD12000825D600080000000071
S315080000200000000000000000000000009D0100081C
S315080000306D1F000800000000F90100081D9B00085C
S31508000040770200087702000877020008770200089E
S315080000507702000877020008E51F00087702000803
S31508000060770200087702000877020008770200087E
S31508000070B11C00087702000877020008770200081A
S31508000080770200087702000877020008770200085E
S31508000090B11200087702000877020008EF1F00086F
S315080000A0770200087702000877020008770200083E
S315080000B0519C0008770200087702000877020008BA
S315080000C0770200087702000877020008770200081E
S315080000D07702000869AB00087702000881AB0008C0
S315080000E077020008770200087702000877020008FE
S315080000F0799C0008619C00087702000877020008CE
S3150800010077020008770200087702000877020008DD
S3150800011077020008770200087702000877020008CD
S31508000120C11C000877020008D11C0008E11C000861
S3150800013077020008770200087702000877020008AD
S31508000140A91300087702000877020008C58F00087F
S31508000150F11C0008011D0008111D000895AB0008D8
S31508000160770200087702000877020008770200087D
S3150800017077020008770200087702000800000000EE
S315080001807702000877020008DFF80CD000F028FC98
S3150800019000480047A926010808B800202C4B196812
S315080001A00868B0E8F04F80F30988BFF36F8F4FF007
S315080001B0000080F3118870470000000008480068B6
S315080001C0006880F308884FF0000080F3148862B650
S315080001D061B6BFF34F8FBFF36F8F00DF00BF00BF5D
S315080001E008ED00E0DFF80C00016841F470010160D9
S315080001F0704700BF88ED00E0EFF30980BFF36F8F0B
S31508000200134B1A681EF0100F08BF20ED108A20E95C
S31508000210F04F106009B44FF0500080F31188BFF317
S315080002204F8FBFF36F8F15F081FB4FF0000080F3FF
S31508000230118809BC19680868B0E8F04F1EF0100F5D
S3150800024008BFB0EC108A80F30988BFF36F8F704738
S3150800025090020020EFF305807047000006488047AB
S3150800026006480047FEE7FEE7FEE7FEE7FEE7FEE78D
S31508000270FEE7FEE7FEE7FEE7ED9B000889010008BA
S315080002802DE9F05F0546002092469B4688460646BD
S31508000290814640241BE0284641464746224600F050
S315080002A0B2FA53465A46C01A914110D31146184617
S315080002B0224600F099FA2D1A67EB01084F462246A6
S315080002C00120002100F090FA17EB00094E41201E8C
S315080002D0A4F10104DFDC484631462A464346BDE818
S315080002E0F09F40EA01039B0703D009E008C9121FE3
S315080002F008C0042AFAD203E011F8013B00F8013BD2
S31508000300521EF9D27047D2B201E000F8012B491EFD
S31508000310FBD270470022F6E710B513460A46044694
S315080003201946FFF7F0FF204610BD2DE9FE4F80461F
S3150800033081EA0300C00F0C46009021F0004123F02B
S315080003400045B8EB0200A94105D240462146904631
S315080003501C460B46024623F00040104347D0270DA3
S31508000360C7F30A00C3F30A510290401A01904028C5
S315080003706BDAC3F3130040F4801B0098924620B151
S315080003800023D2EB030A63EB0B0B01985946C0F125
S315080003904002504600F028FA06460D465046594691
S315080003A0019A00F040FA10EB08006141002487EA40
S315080003B0115284EAE7731A4340D0009A62B3019A4D
S315080003C0012A4FEA075215DC001B61EB02014FF0C8
S315080003D0004202EA0752CDE90042001C41F58011AD
S315080003E032462B4600F077FA03B0BDE8F08F404658
S315080003F02146F9E7001B61EB0201001C41F5801359
S3150800040000185B412018A2F5001747EB030140EAE4
S31508000410D570B6196D4111E06D084FEA360645EA02
S31508000420C0754FEA0752001B61EB0201001C41F53B
S31508000430801149084FEA30000019514132462B46CF
S3150800044003B0BDE8F04F00F037BA0098012240002B
S315080004500023D0EB020263EBE073009821464FEAD3
S31508000460E074B8EB000061EB0401E9E783F00043B0
S315080004705BE781F0004158E72DE9FE4F81EA030466
S3150800048004F0004421F0004100944FF0000B23F0E3
S31508000490004350EA01045ED052EA03045BD0C3F37A
S315080004A00A54C1F30A552C44A4F2F3340194A0FB70
S315080004B00254C1F3130141F48011C3F3130343F447
S315080004C0801301FB024400FB034E840A970A44EAA0
S315080004D0815447EA8357A4FB076802958D0A05FBF2
S315080004E007854FEA932C04FB0C542705029D4FEA17
S315080004F0065847EA1637B5EB08056EEB070C870E64
S31508000500920E47EA811742EA8312A7FB0201B6EB6D
S315080005100B0164EB00042B0D43EA0C335E1844EB25
S315080005201C50DA465146E7FB0201C5F313044FEAAD
S315080005300B3343EA14534FEA0432019C43EA060399
S31508000540A4F10C040294009CCDE900B400F0C3F9B0
S3150800055003B0BDE8F08F00200146F9E72DE9F04D1C
S3150800056081EA030404F0004B21F0004514464FF0DD
S31508000570000A23F0004150EA050220D054EA01029D
S315080005801DD0C5F30A570246C5F31303C1F313007A
S31508000590C1F30A5640F4801543F48013A7EB060806
S315080005A0101BD64608F2FD3873EB050002D308F196
S315080005B0010801E092185B41B8F1000F03DA002048
S315080005C00146BDE8F08D00204FF4801106468446AA
S315080005D00EE0171B73EB050705D3121B63EB050328
S315080005E006434CEA010C49084FEA300092185B4171
S315080005F050EA0107EDD152EA030012D082EA04005C
S3150800060083EA0501084305D0101BAB4106D2012237
S31508000610002306E000224FF0004302E06FF00102DB
S3150800062053101AEB06004CEB085110EB0A0041EB8D
S315080006300B01BDE8F04D00F03FB9F0B4CA17CB0F77
S3150800064050405140C61841F100054FEAC372314681
S3150800065028004FF0960303D0B623F0BC00F0FEB88E
S3150800066030460021F9E70EB5C10F80EAE07008446C
S31508000670CA07002140F233438DE80E000A460B46AE
S3150800068000F029F903B000BD10B500F0004420F0D1
S315080006900040C20DC0F3160040F400007F2A02DABB
S315080006A00020014610BD0021962A03DCC2F19602FD
S315080006B0D04002E0963A00F097F8002CF2D00023DA
S315080006C0D0EB030063EB010110BDC1F30A5210B56C
S315080006D0C1F3130140F2FF3341F480119A4201DA63
S315080006E0002010BD40F233439A42A2F2334203DCA3
S315080006F0524200F088F810BD904010BD00F000424C
S3150800070030F000400AD0C10D01F56071C0F3160043
S3150800071042EA0151C20840071143704700200146CA
S315080007207047000030B5041E71F1000404DB4FF079
S315080007300044404264EB0101141E73F1000405DB1A
S315080007401C464FF00043524263EB04038B4208BF3A
S31508000750824230BD30B5041E71F1000404DB4FF04F
S315080007600044404264EB0101141E73F1000405DBEA
S315080007701C464FF00043524263EB0403994208BFFC
S31508000780904230BD01F0004330B421F0004150EAF8
S31508000790010206D00A0DA2F56072C1F31301002A00
S315080007A002DC30BC00207047440F44EAC104C10093
S315080007B0E01830BC00EBC25000F047B830B50B4625
S315080007C0014600202022012409E021FA02F59D4273
S315080007D005D303FA02F5491B04FA02F52844151E47
S315080007E0A2F10102F1DC30BD202A04DB203A00FA2E
S315080007F002F1002070479140C2F1200320FA03F36A
S31508000800194390407047202A04DB203A21FA02F067
S315080008100021704721FA02F3D040C2F1200291402C
S31508000820084319467047202A06DBCB17203A41FAB7
S3150800083002F043EAE07306E041FA02F3D040C2F15F
S31508000840200291400843194670470029A8BF7047FF
S31508000850401C490008BF20F00100704710B4B0FAE8
S3150800086080FC00FA0CF050EA010404BF10BC704783
S3150800087049B1CCF1200421FA04F411FA0CF118BF9D
S31508000880012121430843A3EB0C01CB1D4FEA00616C
S315080008904FEA102042BF002010BC704700EBC3503F
S315080008A010440029A4BF10BC7047401C490008BF6B
S315080008B020F0010010BC704710B5141E73F1000437
S315080008C008DA401C41F1000192185B411A4301D134
S315080008D020F0010010BD2DE9F04D92469B4611B15E
S315080008E0B1FA81F202E0B0FA80F220329046FFF7C0
S315080008F07BFF04460F4640EA0A0041EA0B015346CD
S315080009005A46084313D0114653EA010019D0C8F1D4
S3150800091040025046FFF777FF05460E4650465946B1
S315080009204246FFF761FF084305D0012004E0204650
S315080009303946BDE8F08D0020054346EAE0762C43AB
S3150800094037430A986305E40AA0EB08000022FD0A6B
S3150800095044EA47540A3002D500200146E9E7010572
S3150800096010196941DDE9084500196941BDE8F04DEE
S31508000970A2E770B5C1F30A5201F000450024C1F39D
S31508000980130140F2FF3341F480119A4201DA002044
S3150800099070BD40F233439A42A2F2334203DC52421C
S315080009A0FFF731FF00E090402C43F1D0404270BD84
S315080009B0C1F30A52C1F3130140F2FF3341F4801127
S315080009C09A4202DA00200146704740F233439A42BF
S315080009D0A2F2334202DC5242FFF715BFFFF704BF0B
S315080009E0064C074D06E0E06840F0010394E807006E
S315080009F098471034AC42F6D3FFF7CAFBD072010809
S31508000A00F07201080EB540F2334102910021CDE99A
S31508000A1000110A460B46FFF75EFF03B000BD70B52E
S31508000A208C1810F8015B15F0070301D110F8013B8B
S31508000A302A1106D110F8012B03E010F8016B01F812
S31508000A40016B5B1EF9D12B0705D40023521E0DD46A
S31508000A5001F8013BFAE710F8013BCB1A921C03E0B8
S31508000A6013F8015B01F8015B521EF9D5A142D8D3F0
S31508000A70002070BD10B52DED028BB0EE408AB0EEA9
S31508000A80480A0CF053FEBDEC028B10BD10B52DEDD7
S31508000A90028BB0EE408AF0EE608AF0EE680AB0EE9D
S31508000AA0480A0CF0D9FEBDEC028B10BD10B52DED31
S31508000AB0068BB0EE408A18EE100AFFF71FFE41ECCF
S31508000AC01A0BB0EE4A0AF0EE6A0A0CF0EDFFB0EE29
S31508000AD0409AF0EE609A51EC190BFFF753FE00EEC0
S31508000AE0100ABDEC068B10BDF0EE400AF5EEC00A02
S31508000AF0F1EE10FA02DDB0EE600A7047B1EE600A58
S31508000B00FBE7000018B19FED020A80ED000A704766
S31508000B100000000018B1B3EE060A80ED000A70471F
S31508000B2070B52DED0C8B84B006460C4615469FED28
S31508000B30990AF0EE408A9FED970AB0EE409A9FED2B
S31508000B40950AF0EE40BA9FED930AF0EE409A9FEDB3
S31508000B50910AB0EE40AA0EB104B11DB904B0BDECBD
S31508000B600C8B70BD8C48FFF7CDFF8C48FFF7D2FF82
S31508000B708A48D0ED000A9FED8A1A60EE810AB0EE27
S31508000B80600A00F02DF9F0EE408A28EEA80AF0EE89
S31508000B90408A8248D0ED000AB0EE001A60EE810A5B
S31508000BA09FED7F1A60EE810AB0EE600A00F018F930
S31508000BB0B0EE409A29EE090AB0EE409ADFED790ABE
S31508000BC0B7EE000A00EEA80ADFED770A00EEC90ABA
S31508000BD0DFED760A20EE200A754880ED000A6E4899
S31508000BE090ED000ADFED730A80EE201AB7EE000AD0
S31508000BF031EE000A20EE000A6D48D0ED000A80EEBC
S31508000C00801A6D4880ED001A94ED000AB5EEC00A08
S31508000C10F1EE10FA0DD194ED010AB5EEC00AF1EE27
S31508000C2010FA06D194ED020AB5EEC00AF1EE10FAF2
S31508000C3046D09FED580AB0EE408A002001900290F7
S31508000C400390D4ED000A60EEA00A94ED011AD4EDE3
S31508000C50011A41EE210A94ED021AD4ED021A41EE68
S31508000C60210AB0EE600A00F0A9F8B0EE408A94EDC9
S31508000C70000A20EE080A8DED010A94ED010A20EE1D
S31508000C80080A8DED020A94ED020A20EE080A8DED97
S31508000C90030ADDED010AF1EE600AB0EE600AFFF71D
S31508000CA0E9FEF0EE409A9DED031AF0EE410A9DED3D
S31508000CB0021AB0EE410AFFF7E9FEB0EE40AA07E0D5
S31508000CC09FED340AF0EE409A9FED320AB0EE40AA44
S31508000CD095ED000AB5EEC00AF1EE10FA0DD195EDC4
S31508000CE0010AB5EEC00AF1EE10FA06D195ED020A30
S31508000CF0B5EEC00AF1EE10FA3CD0B0EE690A00F083
S31508000D006FF8B0EE408AB0EE690AFFF7CFFEB0EE94
S31508000D1040DAB0EE4A0A00F063F8F0EE40AAB0EE08
S31508000D204A0AFFF7C3FEB0EE40BA28EE2A0AD5ED06
S31508000D30010A20EE200AD5ED000A0DEE200A68EE1B
S31508000D400B0A95ED021A00EE810AB0EE40CA95ED3F
S31508000D50010A20EE0B0AD5ED020A0AEEE00AF0EEC9
S31508000D6040CAF0EE6C0AB0EE4C0AFFF78FFEF0EEC2
S31508000D7040BA03E09FED070AF0EE40BAB0EE4A1A11
S31508000D80F0EE690AB0EE6B0A30460EF0EFFB00BFD4
S31508000D90E4E60000000000008C0300209003002019
S31508000DA035FA8E3CC1BFAD3B9DF8C5362F7C1C413C
S31508000DB094030020506CC24A9803002010B52DED0C
S31508000DC0028BB0EE408AB0EE480A0DF0B1F8B7EEE5
S31508000DD0001AC1EE000AB0EE600ABDEC028B10BD27
S31508000DE010B52DED068BB0EE408A18EE100AFFF707
S31508000DF085FC41EC1A0BB0EE4A0AF0EE6A0A0CF0D2
S31508000E006BFFB0EE409AF0EE609A51EC190BFFF7C3
S31508000E10B9FC00EE100ABDEC068B10BD2DE9F041B9
S31508000E202DED028B9AB00546B0EE408A0E4617465F
S31508000E3098460020179018901990149015901690BF
S31508000E404DB146B13FB1B8F1000F04D0B5EEC08A36
S31508000E50F1EE10FA05D100201AB0BDEC028BBDE800
S31508000E60F08196ED000A8DED170A96ED010A8DEDD3
S31508000E70180A96ED020A8DED190A97ED000A8DED0E
S31508000E80140A97ED010A8DED150A97ED020A8DED04
S31508000E90160A17AA14A928460EF0BAF9402104A87A
S31508000EA0FFF738FA00200090019002900390002482
S31508000EB017A904A814F094FA00BF30E004A800EBC0
S31508000EC0041090ED000AD5ED000A20EE200A04A8C9
S31508000ED000EB0410D0ED010A95ED011A00EE810A27
S31508000EE004A800EB0410D0ED020A95ED021A00EEF4
S31508000EF0810A04A800EB0410D0ED030A95ED031A45
S31508000F0000EE810A20EE080AF0EE000A80EE201AAA
S31508000F10684600EB840080ED001A601CC4B2042CFD
S31508000F20CCDB002410E005EB840090ED000A68464F
S31508000F3000EB8400D0ED000A30EE200A05EB8400B1
S31508000F4080ED000A601CC4B2042CECDB284612F0C3
S31508000F5005FE012080E72DE9F04F09AC94E8F01072
S31508000F60DDE90E894FF0000A07E011F80AB0CAF168
S31508000F70020E00F80EB00AF1010ABAF1030F04DAFC
S31508000F8011F80AB0BBF1000FEFD190F803B02BF0BF
S31508000F90380B0BF1200B80F803B090F803B062F31E
S31508000FA0020B80F803B0B0F803B063F3891BA0F80E
S31508000FB003B090F804B064F3850B80F804B0B0F879
S31508000FC007B067F3090BA0F807B0B0F808B06CF3E0
S31508000FD08C0BA0F808B0B0F809B068F34F1BA0F85E
S31508000FE009B0B0F804B065F38E1BA0F804B0B0F8E9
S31508000FF005B066F3CF1BA0F805B0B0F80CB069F3DE
S315080010008C0BA0F80CB0B0F80DE0DDF840B06BF32F
S315080010104F1EA0F80DE0BDE8F08F000010B50122C4
S315080010201021024802F036FC10BD00000000024004
S3150800103010B500221021024802F02CFC10BD000059
S31508001040000002407047000010B501221146024810
S3150800105002F020FC10BD00000004024010B500227A
S315080010600121024802F016FC10BD000000040240EF
S31508001070704710B5044603E04FF47A7000F006F89E
S31508001080201EA4F101018CB2F6D110BD70B504463C
S315080010904FF47A7094FBF0F5284602F0C5FA70BD55
S315080010A010B50024FFF7CEFFFFF7E2FF0EF0E0FBD6
S315080010B004430EF06DFC0443204610BD2DE9FC41A7
S315080010C005460E461746002000900190FFF7B0FF30
S315080010D0922000F0D1F806226946122000F0ACF8FA
S315080010E0FFF79CFF9DF80100000200B29DF8001072
S315080010F040EA010400EE104AB8EEC00A4C48D0EDAA
S31508001100000A20EE200A86ED000A9DF80300000278
S3150800111000B29DF8021040EA010400EE104AB8EE4B
S31508001120C00A4348D0ED000A20EE200A86ED010ADF
S315080011309DF80500000200B29DF8041040EA01047B
S3150800114000EE104AB8EEC00A3948D0ED000A20EE83
S31508001150200A86ED020AFFF781FF08226946002069
S3150800116000F06AF8FFF770FF9DF800000F2838D1E5
S315080011709DF80300000200B29DF8021040EA01043F
S3150800118000EE104AB8EEC00A2A48D0ED000A20EE52
S31508001190200A85ED000A9DF80500000200B29DF8B8
S315080011A0041040EA010400EE104AB8EEC00A2148CD
S315080011B0D0ED000A20EE200A85ED010A9DF8070009
S315080011C0000200B29DF8061040EA010400EE104A3B
S315080011D0B8EEC00A1748D0ED000A20EE200A85EDC1
S315080011E0020AFFF725FFA22000F046F80222694608
S315080011F0222000F021F8FFF711FF9DF80000C0003B
S315080012009DF8011040EA6114B4F5806F02DBA4F57D
S31508001210006004B200EE104AF8EEC00AB4EE001AF6
S31508001220B3EE070A00EE810A87ED000ABDE8FC81E5
S31508001230700100207401002070B506460C4615465C
S3150800124046F0800000F018F806E0552000F014F883
S315080012502070641C681EC5B2002DF6D170BD70B52D
S3150800126004460D4644F0800000F006F8552000F0CC
S3150800127003F8287070BD000001B582B04FF47A708B
S31508001280012301AA02A90090024804F0B3FB9DF8C5
S3150800129004000EBDB070002070B505460C46284601
S315080012A0FFF7EAFF2046FFF7E7FF70BD00BFFEE73E
S315080012B010B5024801F026FC10BD0000846F00201E
S315080012C00EB54FF400703549086000208860C86084
S315080012D00820086132480088000A8DF80400304862
S315080012E000788DF805002E48008F000A8DF8060054
S315080012F02B4890F838008DF807002948B0F8700098
S31508001300000A8DF80800264890F870008DF8090044
S315080013102348B0F8A800000A8DF80A00204890F87B
S31508001320A8008DF80B006B4601AA1E4801F0EFF9DC
S3150800133040F2FF10194908601948B0F8E000000AA1
S315080013408DF80400164890F8E0008DF8050014485A
S31508001350B0F81801000A8DF80600114890F818012F
S315080013608DF807000E48B0F85001000A8DF80800FD
S315080013700B4890F850018DF809000948B0F8880123
S31508001380000A8DF80A00064890F888018DF80B00C7
S315080013906B4601AA034801F0BAF90EBD7008002091
S315080013A0A0030020846F002010B5024801F0AAFBB4
S315080013B010BD0000AC6F00200EB54FF40070374921
S315080013C0086000208860C860082008613448B0F8C2
S315080013D06802000A8DF80400314890F868028DF812
S315080013E005002F48B0F8A002000A8DF806002C4820
S315080013F090F8A0028DF807002948B0F8D802000A2C
S315080014008DF80800264890F8D8028DF80900244877
S31508001410B0F81003000A8DF80A00214890F8100366
S315080014208DF80B006B4601AA1E4801F070F940F2D0
S31508001430FF101A4908601A48B0F84803000A8DF8E0
S315080014400400174890F848038DF805001448B0F8CA
S315080014508003000A8DF80600114890F880038DF87D
S3150800146007000F48B0F8B803000A8DF808000C48C2
S3150800147090F8B8038DF809000948B0F8F003000A97
S315080014808DF80A00064890F8F0038DF80B006B46B5
S3150800149001AA044801F03BF90EBD000088080020A7
S315080014A0A0030020AC6F002000BFFFF709FFFFF77D
S315080014B083FF06F0C3FA052011F062F9F5E7034643
S315080014C0042B15D007DC7BB1012B0ED0022B0DD0D7
S315080014D0032B12D10BE0202B0BD0212B0AD0222B69
S315080014E009D0232B09D107E008E007E006E005E06C
S315080014F004E003E002E001E000E000BF00BF0020D6
S31508001500704700207047000010B5002204490548BE
S3150800151009F0E7FD0449034809F0D4FD002010BD91
S31508001520D8810020FC760020D879002070B50446C2
S315080015300D46288881B220460CF076F821460448E4
S3150800154009F0C0FD024809F089FD002070BD0000C1
S31508001550FC76002010B503460C460021084610BD4F
S315080015602DE9F04104460D4600260A48D0F8BC721B
S31508001570D7F8140210B10120BDE8F0812A462146A9
S31508001580044809F0AEFD034809F05EFE06463046FB
S31508001590F2E70000FC76002000B59DB00F222D4929
S315080015A00DA8FEF79EFE0F222B4909A8FEF799FE05
S315080015B00F222A4905A8FEF794FE0F22284901A8FA
S315080015C0FEF78FFE27488189ADF80010807B8DF8DD
S315080015D002000F22234919A8FEF783FE052019A940
S315080015E00EC909F0D1F80A2011F0CAF80F221E49CF
S315080015F015A8FEF776FE0F221C4911A8FEF771FE04
S315080016000F221B490DA8FEF76CFE0F22194909A8DF
S31508001610FEF767FE0F22184905A8FEF762FE0F229D
S31508001620164901A8FEF75DFE15488189ADF8001038
S31508001630807B8DF802000F22114919A8FEF751FE8A
S31508001640072019A90EC909F09FF80A2011F098F881
S315080016501DB000BD2A1300201B1300200C13002008
S31508001660FD120020EE120020DD140020CE1400200A
S31508001670BF140020B0140020A114002092140020EA
S31508001680831400200A48807C0A494870084890ED6F
S31508001690050AB5EEC00AF1EE10FA02D12C20087040
S315080016A004E00348007E401E0249087070470000A7
S315080016B07C1A0020981000202DE9F04FDDE90DC8AE
S315080016C0DDF83C90DDE90B47DDE909564FF0000AE5
S315080016D007E011F80AB0CAF1020E00F80EB00AF1D6
S315080016E0010ABAF1030F04DA11F80AB0BBF1000FC8
S315080016F0EFD190F803B02BF0380B0BF1380B80F8CC
S3150800170003B090F803B062F3020B80F803B0B0F8A8
S3150800171003B063F3891BA0F803B090F804B065F32F
S31508001720850B80F804B0B0F807B067F3090BA0F88A
S3150800173007B0B0F808B06CF38C0BA0F808B0B0F896
S3150800174009B068F34F1BA0F809B0B0F804B066F307
S315080017508E1BA0F804B0B0F805B064F3CF1BA0F850
S3150800176005B04FF0000A09E099F800B000F10F0E35
S315080017700EF80AB009F101090AF1010AA245F3D3E4
S31508001780BDE8F08F0FB410B5C4B04FF6FF700590E2
S31508001790302246A906A8FEF7A4FD03ACA5208DF8BD
S315080017A00C003320ADF80D002F4800788DF80F0097
S315080017B0FF220421204600F007FF8DF8100040F2B2
S315080017C00130ADF811004FF48870ADF804002748D1
S315080017D00088ADF8060026480088ADF8080000BF66
S315080017E0BDF814200721204600F0D4FE059001AC70
S315080017F0BDF814200621204600F0CCFE059006AC64
S31508001800BDF814202D21204600F0C4FE059003984B
S315080018101290BDF81000ADF84C009DF812008DF836
S315080018204E000198CDF84F00BDF80800ADF85300FA
S315080018302D2206A90DF15500FEF753FD12A8BDF895
S315080018401410ADF882100B4908683C2212A905F05D
S3150800185063FB05480078401C03490870002044B023
S3150800186010BC5DF814FB0000300000203200002098
S31508001870340000201C0F002000BF0EF067F9052079
S3150800188010F07EFFF9E70000F0B52DED088B87B064
S31508001890B0EE408ADFEDF40A78EE200AB0EE600A70
S315080018A00EF0A0FFB1EE400AF0EE408A0CF078FA8E
S315080018B0DFEDEE0A9FEDEE1A41EE000ABCEEE00AF5
S315080018C010EE104ADFEDE80A78EE200AB0EE600A5C
S315080018D00EF088FFB1EE400AF0EE408A0CF048F9A7
S315080018E0DFEDE40A9FEDE21A41EE000ABCEEE00ADB
S315080018F010EE105ADFEDE00A78EE200AB0EE600A24
S315080019000EF070FFB1EE400AF0EE408A0CF048FA8D
S31508001910DFEDD60A9FEDD61A41EE000ABCEEE00AC4
S3150800192010EE106ADFEDD40A78EE200AB0EE600AEF
S315080019300EF058FFB1EE400AF0EE408A0CF018F9A6
S31508001940DFEDCC0A9FEDCA1A41EE000ABCEEE00AAA
S3150800195010EE107A0220052103230246CDE902760D
S31508001960CDE90454CDE90010C4A1C54806F06CFAC7
S3150800197018EE100AFEF7C2FE41EC1B0B9FEDC10BD9
S3150800198053EC102BFEF7D1FC41EC1A0BFEF7FAFECE
S3150800199009EE100AB0EE490A0EF024FFB1EE400A2D
S315080019A0F0EE408A0CF0FCF9DFEDB00A9FEDB01AB4
S315080019B041EE000ABCEEE00A10EE104A18EE100AD4
S315080019C0FEF79CFE41EC1B0B9FEDAE0B53EC102B68
S315080019D0FEF7ABFC41EC1A0BFEF7D4FE09EE100A33
S315080019E0B0EE490A0EF0FEFEB1EE400AF0EE408A6D
S315080019F00CF0BEF8DFED9F0A9FED9D1A41EE000A36
S31508001A00BCEEE00A10EE105ADFEDA00A78EE200AC6
S31508001A10B0EE600A0EF0E6FEB1EE400AF0EE408A3D
S31508001A200CF0BEF9DFED910A9FED911A41EE000A1E
S31508001A30BCEEE00A10EE106ADFED940A78EE200A92
S31508001A40B0EE600A0EF0CEFEB1EE400AF0EE408A25
S31508001A500CF08EF8DFED870A9FED851A41EE000A35
S31508001A60BCEEE00A10EE107A022005210323024696
S31508001A70CDE90276CDE90454CDE9001084A1854864
S31508001A8006F0E2F9DFED810A78EE200AB0EE600A88
S31508001A900EF0A8FEB1EE400AF0EE408A0CF080F98E
S31508001AA0DFED720A9FED721A41EE000ABCEEE00AFB
S31508001AB010EE104ADFED750A78EE200AB0EE600ADD
S31508001AC00EF090FEB1EE400AF0EE408A0CF050F8A7
S31508001AD0DFED680A9FED661A41EE000ABCEEE00AE1
S31508001AE010EE105AF1EE0A0A78EE200AB0EE600AF5
S31508001AF00EF078FEB1EE400AF0EE408A0CF050F98E
S31508001B00DFED5A0A9FED5A1A41EE000ABCEEE00ACA
S31508001B1010EE106AF1EE0A0A78EE200AB0EE600AB4
S31508001B200EF060FEB1EE400AF0EE408A0CF020F8A6
S31508001B30DFED500A9FED4E1A41EE000ABCEEE00AB0
S31508001B4010EE107A022000900323024652A1CDE936
S31508001B500276CDE904540190504806F075F9F1EE85
S31508001B600A0A78EE200AB0EE600A0EF03BFEB1EEE5
S31508001B70400AF0EE408A0CF013F9DFED3C0A9FEDBF
S31508001B803C1A41EE000ABCEEE00A10EE104AF1EEED
S31508001B900A0A78EE200AB0EE600A0EF023FEB1EECD
S31508001BA0400AF0EE408A0BF0E3FFDFED320A9FEDC4
S31508001BB0301A41EE000ABCEEE00A10EE105ADFEDCC
S31508001BC02A0A78EE200AB0EE600A0EF00BFEB1EE95
S31508001BD0400AF0EE408A0CF0E3F8DFED240A9FEDA8
S31508001BE0241A41EE000ABCEEE00A10EE106ADFED98
S31508001BF01E0A78EE200AB0EE600A0EF0F3FDB1EE8A
S31508001C00400AF0EE408A0BF0B3FFDFED1A0A9FEDAB
S31508001C10181A41EE000ABCEEE00A10EE107A02200D
S31508001C20052103230246CDE90276CDE90454CDE920
S31508001C3000101BA11B4806F007F978204FF496619F
S31508001C403222CDE90212CDE904100220062104232E
S31508001C500122CDE9001014A1144806F0F5F807B0E2
S31508001C60BDEC088BF0BD00000000C14200004842F0
S31508001C70314662420000964400803A4330313900CA
S31508001C80EE120020000000000050674000408A4322
S31508001C9030323000FD120020303231000C130020A3
S31508001CA0303232001B130020303233002A13002052
S31508001CB010B5024801F0D8FA10BD0000DC75002006
S31508001CC010B5024801F0D0FA10BD000008710020D6
S31508001CD010B5024801F0C8FA10BD00003C76002095
S31508001CE010B5024801F0C0FA10BD00006871002066
S31508001CF010B5024801F0B8FA10BD00001C750020A6
S31508001D0010B5024801F0B0FA10BD00009C7600201C
S31508001D1010B5024801F0A8FA10BD00007C75002035
S31508001D200146087810381823B0FBF3F20848805C9F
S31508001D30C865032A05D908686FF30900001D886578
S31508001D4003E008686FF309008865886D704700002E
S31508001D50A46E0108014600208A6A8B69CBB932B1A4
S31508001D60012A0DD0022A03D0032A10D10EE000BFA3
S31508001D70CB6A03F08073B3F1807F00D1012007E0BE
S31508001D80CB6AB3F1C07F00D1012001E000E000BFBB
S31508001D9034E08B69B3F5005F1AD132B1012A07D056
S31508001DA0022A03D0032A11D10AE000BF01200EE05F
S31508001DB0CB6A03F08073B3F1807F00D1012006E07F
S31508001DC0CB6AB3F1C07F00D1012000E000BF15E067
S31508001DD032B1012A05D0022A04D0032A0CD103E025
S31508001DE000BF00BF012008E0CB6A03F08073B3F19F
S31508001DF0807F00D1012000E000BF00BF704730B5EA
S31508001E000468246824F4802405682C6004686360E8
S31508001E108468402C04D10468A2600468E16003E089
S31508001E200468A1600468E26030BD000008B5474850
S31508001E300068006800F0200060B100BF0020009034
S31508001E404248006800680090404800684068009072
S31508001E5000BF7AE03E48006800F01000002874D001
S31508001E6000BF002000903948006800680090374895
S31508001E7000684068009000BF00BF00F08BF9354845
S31508001E800068006800F4002078BB324800680068E3
S31508001E9020F001002F49096808602E48006840684C
S31508001EA0C0F124002C49088024202A490968486082
S31508001EB028480068006840F4002026490968086038
S31508001EC024480068006840F0010022490968086053
S31508001ED021480088122838D1204A2149214812F081
S31508001EE005FF204812F0D4FE2FE0FFE719480068E6
S31508001EF0006820F00100174909680860154800685D
S31508001F004068C0F124001449088024201149096852
S31508001F1048601548806A20F40020134988620D48F5
S31508001F200068006840F001000A49096808600A4824
S31508001F300088122809D1094A09490A48243012F0AA
S31508001F40D5FE0848243012F0A3FE08BD947400207C
S31508001F5000480040DC75002002000020B60800207A
S31508001F60A0080020CC08002000600240704700004E
S31508001F7030B52DED048B89B0B0EE408A002007906D
S31508001F80089018EE104A2046FEF7B8FB41EC190BEC
S31508001F908DED009B0FA2062107A80BF061FB0546F5
S31508001FA007A84FF43E715A220223CDE90332CDE940
S31508001FB005100620122104220523CDE900210290EE
S31508001FC0022206A10648FFF777FB09B0BDEC048B91
S31508001FD030BD000020256C6600000000303332005A
S31508001FE0CF13002010B5012001F04CFB10BD10B531
S31508001FF0202001F047FB802001F044FB10BD00BF04
S3150800200000F006F8642010F0BBFBF9E77047000003
S3150800201010B53848D0F8840037490968884207D18E
S315080020200120364908710121324880F8881006E0F7
S3150800203000203249087100212E4880F888102D4862
S31508002040D0F884002C490860002000F059F80120D7
S3150800205000F056F8022000F053F8032000F050F87C
S31508002060244890F86E0058B9224890F86F0038B99D
S31508002070204890F8700018B91E4890F8710018B1F9
S3150800208001201E49487002E000201C4948700420BF
S3150800209000F036F8102000F033F8164890F8720071
S315080020A018B9144890F87E0018B101201349087031
S315080020B002E00020114908700B2000F021F80D20DD
S315080020C000F01EF8062000F01BF80A4890F8740085
S315080020D038B9084890F8790018B9064890F87B008E
S315080020E018B101200549887002E00020034988706C
S315080020F010BD0000BC1000202C000020541A00203F
S3150800210070B59CB00446214668460EF0DDFC3822C0
S3150800211069460EA8FEF7E5F8BDF83E0085B22146E9
S3150800212068460EF0D1FC382269460EA8FEF7D9F8A3
S31508002130BDF83A60164830F81400A8420ED1144883
S315080021402C3030F81400B04208D111485830005DE0
S31508002150401CC1B20E485830015505E000210C4814
S315080021605830015516300155094820F814502C30BE
S3150800217020F814602C30005D032806DD0021044891
S31508002180583001550121163001551CB070BD0000AC
S31508002190BC1000200348D0F88400401C0149C1F84F
S315080021A084007047BC10002006F004FE00BF0B48F0
S315080021B010F012FA4FF4FA7010F0E2FA084810F02C
S315080021C00BFA4FF4FA7010F0DBFA4FF0FF2010F01C
S315080021D003FA4FF4FA7010F0D3FAE8E7FF0000FFAD
S315080021E00000FFFF2DED108BAAB09FEDDA0AB0EEC6
S315080021F0408A9FEDD80AB0EE40FA00249FEDD52A12
S31508002200DFEDD51AB2EE041ADFEDD20AB0EE000AF7
S315080022101CA810F06FFC00BF052010F0B1FACF48DB
S315080022208079012800D0F7E704200EF013FA102071
S315080022300EF010FACA48006801280DD19FEDC52A8C
S31508002240DFEDC51AB3EE0E1ADFEDC20AB1EE040AC7
S315080022501CA810F04FFC0CE09FEDBE2ADFEDBE1A5D
S31508002260B2EE041ADFEDBB0AB0EE000A1CA810F0A5
S3150800227041FCBA4890F8230001282FD1102168465E
S315080022800EF022FC382269460EA8FEF72AF8B54851
S3150800229090ED060A10EE101A0846FEF72FFA41ECE2
S315080022A01D0B9DED141BB0EE410AF0EE610A53ECCE
S315080022B0102BFEF7DEF841EC1C0B81F0004141ECD7
S315080022C01B0B9FEDA90B53EC102BFEF7D5F841EC31
S315080022D01A0BFEF7FAF9A649486006E09F4890F8F7
S315080022E0230010B90020A2494860042168460EF070
S315080022F0EBFB382269460EA8FDF7F3FF994890EDE7
S31508002300170A10EE101A0846FEF7F8F941EC1C0BEE
S315080023109DED141BB0EE410AF0EE610A53EC102B4A
S31508002320FEF7A7F841EC1B0B81F0004141EC1A0BB4
S31508002330FEF728FA08EE100AB0EE48FA8D488088AB
S3150800234018B99FED840AB0EE40FAB0EE4F0A0EF0C7
S3150800235049FAB0EE40AA0BF023FDB0EE409AB0EE73
S315080023604F0A0EF03FFAB0EE40AA0BF001FCF0EE71
S31508002370408A7A48D0ED020AB0EE680A20EE800A52
S31508002380D0ED030AF0EE409A49EE609A90ED020A03
S3150800239060EE090A90ED031AB0EE680AB0EE60EA3C
S315080023A001EE00EA90ED040AF0EE40EABDEEC80A36
S315080023B010EE100A002801DB014600E04142B42273
S315080023C091FBF2F49FED6C0AB4EEC08AF1EE10FAB6
S315080023D019DD04F0010058B1601CB421484300EE31
S315080023E0100AB8EE400A38EE400AB0EE408A0AE013
S315080023F0B42104FB01F000EE100AB8EE400A38EEEC
S31508002400400AB0EE408A9FED5D0AB4EEC08AF1EE4E
S3150800241010FA19D204F0010058B1601CB4214843DF
S3150800242000EE100AB8EE400A30EE080AB0EE408A0E
S315080024300AE0B42104FB01F000EE100AB8EE400AE7
S3150800244030EE080AB0EE408A18EE100AFEF756F982
S3150800245041EC1B0BB0EE4B0AF0EE6B0A0BF030FCAE
S31508002460B0EE40AAF0EE60AA9FED450B53EC102B98
S3150800247051EC1A0BFEF76EF90DD2B0EE480A0EF0C3
S31508002480B1F9B0EE40AADFED330A1CA810F02AFA1B
S31508002490F0EE40EA03E09FED2F0AF0EE40EA2F48FF
S315080024A090ED060A10EE101A0846FEF727F941ECD9
S315080024B01B0BB0EE4B0AF0EE6B0A0BF001FCB0EE0C
S315080024C040AAF0EE60AA9FED300B53EC102B51ECAE
S315080024D01A0BFEF73FF90AD2224890ED140A1F4854
S315080024E0D0ED060A30EE200A1E4880ED140A1B4875
S315080024F090ED050A10EE101A0846FEF7FFF841ECB3
S315080025001B0BB0EE4B0AF0EE6B0A0BF0D9FBB0EEE4
S3150800251040AAF0EE60AA9FED1C0B53EC102B51EC71
S315080025201A0BFEF717F90AD20E4890ED010A0B4866
S31508002530D0ED050A30EE600A0A4880ED010A144813
S31508002540C0ED009A80ED01EAC0ED02EA01200DF027
S31508002550F9FE61E60000000000004842541A002017
S3150800256050000020401600200000000000005940DE
S31508002570DC0D0020A008002000003443000034C30E
S31508002580000000403333D33F000000000000000085
S31508002590EC14002030B5034613B94FF6FF7030BD72
S315080025A009E013F8014B82EA0400C0B2054D35F87C
S315080025B0100080EA2222081EA1F10101F1D110467D
S315080025C0EDE700008E6C010830B5034605E013F808
S315080025D0010B80EA02040448025D081EA1F101010C
S315080025E0F5D1104630BD00008D6B010870B50A485C
S315080025F00468001D0568001D0668344454B10822A5
S315080026000649204605F0DAF904220449103128461D
S3150800261005F0D4F970BD0000107AFF1F7203002080
S3150800262010B501F03DF910BD00BF0EF0F3FB0FF039
S31508002630B7F812F06DFC12F0F3FD1148807F68B10F
S31508002640104890ED110A80ED000A90ED120A80ED0F
S31508002650010A90ED130A80ED020A0CE09FED0A0AC2
S31508002660084880ED000A9FED080A80ED010A9FEDF3
S31508002670060A80ED020A012010F082F8D5E700006C
S31508002680541A0020E025002000000000002013490D
S31508002690C871887100211148417780F820100121FE
S315080026A080F821109FED0E0A80ED050A9FED0C0AB1
S315080026B080ED060A9FED0A0A80ED020A9FED080AD8
S315080026C080ED030A9FED060A80ED040A0021817752
S315080026D0C1770177012180F823107047541A00202A
S315080026E00000000010B5024692F82030012B01D0F8
S315080026F0022B06D1106840690843146860610020FF
S3150800270010BD506A40F4802050620120F8E7F0B509
S3150800271004460D461E4694F8207020688368A8680B
S3150800272000B900E000BF012F01D0022F7CD103F0D1
S31508002730806030B903F0006018B903F080500028B3
S3150800274073D0C3F30161022905D9606A40F4000019
S3150800275060620120F0BD012088403060A86860B939
S31508002760B5F800C0E86840EA4C5C206800F5C0701F
S3150800277000EB0110C0F800C00FE0D5E901C040EA3F
S31508002780CC00D5F80CC040EA0C00D4F800C00CF513
S31508002790C07C0CEB011CCCF80000D5F810C02068F2
S315080027A000F5C07000EB0110C0F804C0287D0128B0
S315080027B00ED1206800F5C07000EB0110406840F4A7
S315080027C0807C206800F5C07000EB0110C0F804C0DA
S315080027D0D079000692F806C040EA0C4092F805C087
S315080027E040EA0C2C10794CEA000C206800F5C07001
S315080027F000EB0110C0F80CC0D078000692F802C0B1
S3150800280040EA0C4092F801C040EA0C2092F800C059
S3150800281040EA0C00D4F800C00CF5C07C0CEB011C97
S31508002820CCF80800206801E016E00FE000F5C0705B
S3150800283000EB0110006840F0010C206800F5C0703C
S3150800284000EB0110C0F800C0002083E7606A40F47E
S315080028500010606201207DE7606A40F480206062B3
S31508002860012077E7F0B504460A46216894F8205017
S31508002870012D01D0022D7ED1424901F5007108686B
S3150800288040F001000860086820F47C500860086879
S31508002890566A40EA06200860107D00F01F060120EF
S315080028A000FA06F3C8699843C861A1F50071D069B2
S315080028B0C8B9D1F80C029843C1F80C02908880B2C6
S315080028C0968940EA064601F51070576940F8376060
S315080028D0108880B2168940EA064601F510705769D5
S315080028E000EBC7004660D069012819D1D1F80C025F
S315080028F01843C1F80C02908880B2168840EA06464A
S3150800290001F51070576940F83760908980B21689CA
S3150800291040EA064601F51070576900EBC7004660A5
S31508002920906928B9D1F804029843C1F8040204E072
S31508002930D1F804021843C1F80402106928B9D1F87D
S3150800294014029843C1F8140204E0D1F8140218439B
S31508002950C1F81402106A012804D1D1F81C021843E0
S31508002960C1F81C02D1F8000220F00100C1F80002EB
S315080029700020F0BDFFE7606A40F480206062012015
S31508002980F7E7000000640040704770B5044694F805
S315080029902050012D01D0022D7DD151B92068C06883
S315080029A000F0030080B9606A40F4001060620120FC
S315080029B070BD2068006900F0030028B9606A40F419
S315080029C0001060620120F3E7206800F5D87000EB7C
S315080029D00110006800F004009060906840B9206813
S315080029E000F5D87000EB01100068400D106007E094
S315080029F0206800F5D87000EB01100068C008506028
S31508002A00206800F5D87000EB0110006800F002009D
S31508002A10D060206800F5D87000EB0110406800F01F
S31508002A200F001061206800F5D87000EB01104068AF
S31508002A3000F47F40000A9061206800F5D87000EB2A
S31508002A4001104068000C5061206800F5D87000EB52
S31508002A50011080681870206800F5D87000EB011026
S31508002A60806800F47F40000A5870206800F5D87026
S31508002A7000EB0110806800F47F00000C9870206855
S31508002A8000F5D87000EB01108068000ED870206839
S31508002A9000F5D87000E02FE000EB0110C06818714F
S31508002AA0206800F5D87000EB0110C06800F47F407C
S31508002AB0000A5871206800F5D87000EB0110C0684C
S31508002AC000F47F00000C9871206800F5D87000EBC0
S31508002AD00110C068000ED87131B92068C06840F08E
S31508002AE020002668F06005E02068006940F02000B4
S31508002AF02668306100205BE7606A40F480206062E7
S31508002B00012055E72DE9F05F04460025206846694F
S31508002B102068D0F80490206887682068D0F80CA050
S31508002B202068D0F810B02068D0F8188006F00100A8
S31508002B30002855D007F00100C0B10120216888603F
S31508002B4007F0020018B1204600F0F3FA0EE007F08D
S31508002B50040010B145F4006508E007F0080010B15C
S31508002B6045F4805502E0204600F0E2FA07F480704A
S31508002B70C8B14FF480702168886007F4007018B1F6
S31508002B80204600F0D8FA0EE007F4806010B145F44C
S31508002B90005508E007F4006010B145F4804502E0EE
S31508002BA0204600F0C7FA07F48030C8B14FF48030E9
S31508002BB02168886007F4003018B1204600F0BDFA95
S31508002BC00EE007F4802010B145F4004508E007F44C
S31508002BD0002010B145F4803502E0204600F0ACFA3A
S31508002BE006F0080038B10AF0100020B145F4007567
S31508002BF010202168C86006F0040040B10AF00800F9
S31508002C0028B108202168C860204600F00DFA06F0B1
S31508002C10020038B12068C06800F0030010B12046F1
S31508002C2000F004FA06F0400038B10BF0100020B1AD
S31508002C3045F4806510202168086106F0200040B13F
S31508002C400BF0080028B1082021680861204600F02A
S31508002C503DFA06F0100038B12068006900F003005C
S31508002C6010B1204600F033FA06F4003040B109F0FE
S31508002C70100028B1102021684860204600F028FA84
S31508002C8006F4803040B109F0080028B10820216810
S31508002C904860204600F052FA06F4004088B309F06E
S31508002CA0040078B306F4807020B108F0010008B17A
S31508002CB045F0010506F4007020B108F0020008B1DD
S31508002CC045F0020506F4806020B108F0040008B15A
S31508002CD045F0040506F40060A0B108F0700088B15C
S31508002CE008F07000402817D006DC10280BD02028E2
S31508002CF00CD0302819D10CE0502810D0602814D1F7
S31508002D0010E01DE019E045F008050FE045F0100554
S31508002D100CE045F0200509E045F0400506E045F0E1
S31508002D20800503E045F4807500E000BF00BF206819
S31508002D30806920F070002168886104202168486055
S31508002D402DB1606A284360622046FFF71DFEBDE884
S31508002D50F09F70B504460CB9012070BD94F82000A8
S31508002D6010B9204600F0B0F82068006840F001006D
S31508002D702168086000F094FD05460DE000F090FD1E
S31508002D80401B0A2808D9606A40F4003060620520B2
S31508002D9084F820000120E0E72068406800F0010080
S31508002DA00028EBD02068006820F00200216808603F
S31508002DB000F076FD05460DE000F072FD401B0A287E
S31508002DC008D9606A40F400306062052084F8200063
S31508002DD00120C2E72068406800F002000028EBD115
S31508002DE0207E012806D12068006840F0800021680E
S31508002DF0086005E02068006820F080002168086007
S31508002E00607E012806D12068006840F040002168ED
S31508002E10086005E02068006820F040002168086026
S31508002E20A07E012806D12068006840F020002168AD
S31508002E30086005E02068006820F020002168086026
S31508002E40E07E012806D12068006820F0100021687D
S31508002E50086005E02068006840F0100021680860F6
S31508002E60207F012806D12068006840F00800216804
S31508002E70086005E02068006820F0080021680860FE
S31508002E80607F012806D12068006840F004002168A8
S31508002E90086005E02068006820F0040021680860E2
S31508002EA0D4E9020108432169084361690843616856
S31508002EB0491E08432168C86100206062012084F821
S31508002EC02000002049E7000010B586B0044614210A
S31508002ED001A8FDF71FFA4E492068884241D14D489E
S31508002EE00068401C4B4908600846006801280FD155
S31508002EF000BF002000904848006840F0007046492E
S31508002F0008600846006800F00070009000BF00BF27
S31508002F1000BF0020009040481038006840F00800C4
S31508002F203D49103908600846006800F0080000901E
S31508002F3000BF00BF032001900220029000200390EA
S31508002F40032004900920059001A9344800F0A8FB45
S31508002F5000220521142001F04DF9142001F03AF958
S31508002F6054E02F492068884250D100BF00200090C5
S31508002F702948006840F080602749086008460068CC
S31508002F8000F08060009000BF00BF22480068401C27
S31508002F90204908600846006801280FD100BF0020B4
S31508002FA000901D48006840F000701B4908600846FC
S31508002FB0006800F00070009000BF00BF00BF00204E
S31508002FC0009015481038006840F002001249103980
S31508002FD008600846006800F00200009000BF00BFC5
S31508002FE060200190022002900020039003200490A4
S31508002FF00920059001A90B4800F052FB0022052183
S31508003000402001F0F7F8402001F0E4F806B010BDC2
S3150800301000640040E002002040380240000C0240F4
S3150800302000680040000402407047000010B58AB0EE
S31508003030044601AB03AA00212046FFF7A6FC40F28E
S3150800304007310398884204D101A80CF04DFD0AB057
S3150800305010BD40F241110398884203D101A804F03B
S31508003060CDFCF4E71748844215D10399A1F2012152
S31508003070C1EBC101144A02EBC10001A90DF034FDF0
S315080030800399A1F20121C1EBC1010F4A02EBC1006C
S315080030900FF02EFF14E00399A1F5FB71C1EBC101F6
S315080030A0094A02EBC10001A90DF01EFD0399A1F51D
S315080030B0FB71C1EBC101044A02EBC1000FF018FF16
S315080030C000BFC4E7846F0020A00300207047704744
S315080030D0704770B5044694F82000012822D10220D2
S315080030E084F820002068006820F001002168086044
S315080030F000F0D6FB05460DE000F0D2FB401B0A287F
S3150800310008D9606A40F400306062052084F820001F
S31508003110012070BD2068406800F001000028EBD14E
S315080031206062F6E7606A40F4002060620120F0E71A
S31508003130704770477047704770477047704710B5BB
S3150800314004460CB9012010BD607920B90020207111
S31508003150204600F005F8012060710020F3E7000022
S3150800316008B50A4A016891420FD100BF00210091B3
S315080031700749096841F48051054A116011460968F2
S3150800318001F48051009100BF00BF08BD0030024025
S315080031903038024070B50446A56D00F081FB06463E
S315080031A094F83500022808D08020606500BF00200A
S315080031B084F8340000BF012070BD2068006820F044
S315080031C01600216808602068406920F080002168A0
S315080031D04861206C08B9A06C28B12068006820F006
S315080031E00800216808602068006820F0010021684E
S315080031F0086010E000F054FB801B05280BD920203E
S315080032006065032084F8350000BF002084F8340088
S3150800321000BF0320D0E72068006800F001000028FE
S31508003220E8D194F85C103F208840A860012084F813
S31508003230350000BF002084F8340000BF00BFBBE79C
S31508003240014691F83500022803D080204865012000
S315080032507047052081F835000868006820F00100ED
S315080032600A6810600020F3E7F8B5044600200090CD
S315080032708C4800684FF41651B0FBF1F7A56D2E681F
S3150800328094F85C1008208840304098B1206800689F
S3150800329000F0040070B12068006820F0040021687E
S315080032A0086094F85C1008208840A860606D40F0BB
S315080032B00100606594F85C1001208840304068B1D0
S315080032C02068406900F0800040B194F85C10012045
S315080032D08840A860606D40F00200606594F85C1054
S315080032E004208840304068B12068006800F0020079
S315080032F040B194F85C1004208840A860606D40F0E6
S315080033000400606594F85C1010208840304078B35B
S315080033102068006800F0080050B394F85C1010208C
S315080033208840A8602068006800F4802080B1206882
S31508003330006800F4002028B9206CC8B12046216C2A
S31508003340884715E0A06C98B12046A16C88470FE025
S315080033502068006800F4807028B92068006820F0AA
S31508003360080021680860206C10B12046216C884747
S3150800337094F85C10202088403040002865D02068EA
S31508003380006800F0100000285FD094F85C10202038
S315080033908840A86094F83500052828D12068006878
S315080033A020F01600216808602068406920F0800037
S315080033B021684861206C08B9A06C28B120680068AB
S315080033C020F008002168086094F85C103F208840C7
S315080033D0A860012084F8350000BF002084F8340076
S315080033E000BF206D10B12046216D8847F8BD2068C2
S315080033F0006800F4802080B12068006800F400208E
S3150800340028B9606C10B12046616C88471DE0E06BF6
S31508003410D8B12046E16B884717E02068006800F4B9
S31508003420807068B92068006820F01000216808607C
S31508003430012084F8350000BF002084F8340000BF5E
S31508003440E06B10B12046E16B8847606D38B3606D5C
S3150800345000F00100F0B1052084F835002068006806
S3150800346020F001002168086000BF0098401C009009
S31508003470B84200D905E02068006800F0010000287D
S31508003480F3D100BF012084F8350000BF002084F87E
S31508003490340000BFE06C10B12046E16C884700BFDD
S315080034A0A4E70000240300202DE9F0410446002586
S315080034B000F0F6F9074614B90120BDE8F081606A04
S315080034C000B100BF022084F8350000BF002084F850
S315080034D0340000BF2068006820F0010021680860F9
S315080034E00AE000F0DDF9C01B052805D92020606533
S315080034F0032084F83500E0E72068006800F0010042
S315080035000028EED12068056821480540D4E9010164
S315080035100843E16808432169084361690843A169CA
S315080035200843E1690843216A08430543606A042899
S3150800353003D1D4E90B0108430543206805602068D8
S31508003540456925F00705606A0543606A04280DD1B8
S31508003550A06A0543E06A48B12046FEF7FBFB28B19E
S3150800356040206065012084F83500A6E7206845619B
S315080035702046FEF7D5FB064694F85C103F208840A7
S31508003580B06000206065012084F83500002094E7CB
S315080035903F8010F02DE9F04704460D4616461F46B3
S315080035A04FF00008D4F8589000BF94F8340001286A
S315080035B002D10220BDE8F087012084F8340000BF5C
S315080035C094F83500012825D1022084F8350000201A
S315080035D060653B46324629462046FEF710FC94F8BD
S315080035E05C103F208840C9F808002068006840F051
S315080035F0160021680860206C28B12068006840F031
S315080036000800216808602068006840F00100216809
S31508003610086006E000BF002084F8340000BF4FF0C1
S3150800362002084046C6E7000070B5044600F038F9BF
S3150800363006462546681C10B104480078054400BFB4
S3150800364000F02EF9801BA842FAD370BDD0010020E5
S3150800365070B50546012D11D1FEF7E2FF044608486C
S315080036600068201AC82803D344F62060844202D989
S315080036700348046070BD0248046000BF00BFF9E754
S315080036800400002010B5044604480068204020B114
S31508003690024804602046FFF7DBFF10BD143C0140DA
S315080036A0F8B502460B460025002400200021D6E086
S315080036B0012606FA01F51E6806EA0504AC4274D12D
S315080036C01E7906F00306012E04D01E7906F00306BD
S315080036D0022E13D190684F000326BE40B0434F0018
S315080036E0DE68BE4030439060506801268E40B04385
S315080036F01E79C6F300168E40304350601E7906F0D8
S315080037000306032E09D0D0684F000326BE40B043F7
S315080037104F009E68BE403043D0601E7906F003060F
S31508003720022E13D1CF0802F1200656F827004E07BD
S31508003730F70E0F26BE40B0434F07FF0E1E69BE4068
S315080037403043CF0802F1200646F8270010684F00DC
S315080037500326BE40B0431E7906F003064F00BE405E
S31508003760304310605E6806F44036002E76D000BFFF
S31508003770002600963C4E366846F480463A4F3E6030
S315080037803E46366806F48046009600BF00BF374EB0
S315080037908F0856F827008E07370F0F26BE40B0430E
S315080037A0334EB24202D1002624E057E0314EB242EF
S315080037B001D101261EE0304EB24201D1022619E09F
S315080037C02E4EB24201D1032614E02D4EB24201D14B
S315080037D004260FE02B4EB24201D105260AE02A4EF6
S315080037E0B24201D1062605E0284EB24201D107268B
S315080037F000E008268F073F0FBE4030431B4E8F0858
S3150800380046F82700224E3068A0435E6806F4801604
S3150800381006B120431E4E3060361D3068A0435E68F0
S3150800382006F4001606B12043194E361D3060184EB0
S31508003830361F3068A0435E6806F4003606B120439A
S31508003840134E361F3060361F3068A0435E6806F494
S31508003850803606B120430E4E083E3060491C1029BA
S31508003860FFF426AFF8BD000044380240083801408E
S31508003870000002400004024000080240000C02401A
S31508003880001002400014024000180240001C0240CA
S31508003890083C01400AB1816101E00B04836170476D
S315080038A00148006870470000C801002070B504464A
S315080038B00CB9012070BD94F83D0028B9002084F8A1
S315080038C03C00204600F006FB242084F83D002068D2
S315080038D0006820F00100216808602068006840F44C
S315080038E00040216808602068006820F400402168CC
S315080038F0086001F0A9FC05465C496068884206D85C
S315080039005B48854201D2012007E0002005E05948BE
S31508003910854201D2012000E00020012800D1C9E734
S315080039205548B5FBF0F62068406820F03F00304364
S31508003930216848604D496068884201D8701C07E0D4
S315080039404FF4967070434FF47A71B0FBF1F0401C57
S315080039502168096A21F03F01084321680862434942
S315080039606068884214D8681E61684900B0FBF1F0A7
S31508003970401CC0F30B00042801D204203DE0681E59
S3150800398061684900B0FBF1F0401CC0F30B0034E05D
S31508003990A06838B9681E616801EB4101B0FBF1F017
S315080039A0401C0AE0681E616801EBC10202EB0111C6
S315080039B0B0FBF1F0401C40F48040C0F30B0008B99E
S315080039C001201AE0A06848B9681E616801EB410148
S315080039D0B0FBF1F0401CC0F30B000CE0681E6168F8
S315080039E001EBC10202EB0111B0FBF1F0401CC0F380
S315080039F00B0040F4804040F400402168C9694CF649
S31508003A00FF72914308432168C861D4E90701084356
S31508003A102168096821F0C001084321680860D4E9D3
S31508003A20031008432168896848F2FF329143084326
S31508003A3021688860D4E9050108432168C96821F02E
S31508003A40FF0108432168C8602068006840F001004B
S31508003A502168086000202064202084F83D000020AA
S31508003A60206384F83E0000BF24E70000A08601001A
S31508003A7080841E0000093D0040420F002DE9FC5FCE
S31508003A8004460F4690469946DDE90CAB0E9EFFF7B5
S31508003A9007FF054694F83D00202870D11923012216
S31508003AA0B0492046009503F045FC10B10220BDE858
S31508003AB0FC9F00BF94F83C00012801D10220F6E7DC
S31508003AC0012084F83C0000BF2068006800F001006F
S31508003AD028B92068006840F001002168086020685D
S31508003AE0006820F4006021680860222084F83D0000
S31508003AF0402084F83E0000202064C4F824A0A4F8DE
S31508003B002AB0608D20859848E0624B464246394681
S31508003B102046CDE9006503F0BFFA08B10120C6E7E3
S31508003B20208D88B900BF0020019020684069019067
S31508003B3020688069019000BF00BF2068006840F4D3
S31508003B4000702168086040E0208D012818D120689F
S31508003B50006820F480602168086000BF002001909A
S31508003B6020684069019020688069019000BF00BF05
S31508003B702068006840F400702168086025E0EFE0DE
S31508003B80208D022816D12068006820F480602168FC
S31508003B9008602068006840F400602168086000BF7B
S31508003BA00020019020684069019020688069019092
S31508003BB000BF0AE000BF002001902068406901901C
S31508003BC020688069019000BF00BFBAE0208D0328F5
S31508003BD07ED8208D012815D12A463146204603F085
S31508003BE04EFC08B1012062E720680069616A087026
S31508003BF0606A401C6062208D401E2085608D401ED4
S31508003C0060859EE0208D02282AD133460022574936
S31508003C102046009503F08EFB08B1012047E720688F
S31508003C20006840F400702168086020680069616ACD
S31508003C300870606A401C6062208D401E2085608D79
S31508003C40401E608520680069616A0870606A401CC9
S31508003C506062208D401E2085608D401E608570E064
S31508003C603346002241492046009503F063FB08B11C
S31508003C7001201CE72068006820F48060216808603D
S31508003C8020680069616A0870606A401C6062208D5D
S31508003C90401E2085608D401E6085334600223349CC
S31508003CA02046009503F046FB08B10120FFE6206890
S31508003CB0006840F400702168086020680069616A3D
S31508003CC00870606A401C6062208D401E208500E0F6
S31508003CD010E0608D401E608520680069616A087082
S31508003CE0606A401C6062208D401E2085608D401EE3
S31508003CF0608526E02A463146204603F0C0FB08B117
S31508003D000120D4E620680069616A0870606A401C70
S31508003D106062208D401E2085608D401E608520686B
S31508003D204069C0F3800060B120680069616A087064
S31508003D30606A401C6062208D401E2085608D401E92
S31508003D406085208D00287FF441AF202084F83D004F
S31508003D50002084F83E0000BF84F83C0000BFA6E6B9
S31508003D600220A4E6020010000000FFFF0400010084
S31508003D702DE9FC5F04460F4690469946DDE90CABF3
S31508003D800E9EFFF78DFD054694F83D0020287DD14F
S31508003D90192301224D492046009503F0CBFA10B1AC
S31508003DA00220BDE8FC9F00BF94F83C00012801D121
S31508003DB00220F6E7012084F83C0000BF206800686E
S31508003DC000F0010028B92068006840F00100216869
S31508003DD008602068006820F40060216808602120D7
S31508003DE084F83D00402084F83E0000202064C4F892
S31508003DF024A0A4F82AB0608D20853548E0624B4699
S31508003E00424639462046CDE9006503F0F5F908B182
S31508003E100120C6E731E02A463146204603F06FFB0B
S31508003E2050B1206C042805D12068006840F4007061
S31508003E30216808600120B4E7606A00782168086193
S31508003E40606A401C6062208D401E2085608D401E81
S31508003E50608520684069C0F3800070B1208D60B12C
S31508003E60606A007821680861606A401C6062208D7B
S31508003E70401E2085608D401E6085208D0028CAD191
S31508003E802A463146204603F027FA00E01CE050B1E6
S31508003E90206C042805D12068006840F40070216869
S31508003EA0086001207DE72068006840F400702168FA
S31508003EB00860202084F83D00002084F83E0000BFFA
S31508003EC084F83C0000BF6CE702206AE70200100095
S31508003ED00000FFFF10B586B00446142101A8FCF7C0
S31508003EE019FA4449206888422FD100BF0020009063
S31508003EF04148006840F020003F49086008460068CD
S31508003F0000F02000009000BF00BF0320019012209F
S31508003F10029001200390032004900420059001A933
S31508003F203648FFF7BDFB00BF00200090324810302E
S31508003F30006840F48000304910310860084600687F
S31508003F4000F48000009000BF51E02D4920688842A7
S31508003F504DD100BF002000902748006840F00400BB
S31508003F60254908600846006800F00400009000BF74
S31508003F7000BF00BF002000900846006840F001001E
S31508003F8008600846006800F00100009000BF00BF06
S31508003F9048150190122002900120039003200490F6
S31508003FA00420059001A91748FFF77AFB4FF48070A3
S31508003FB0019012200290012003900320049004200F
S31508003FC0059001A91048FFF76BFB00BF0020009081
S31508003FD009481030006840F40000074910310860AD
S31508003FE00846006800F40000009000BF00BF06B055
S31508003FF010BD00000058004030380240001402404E
S31508004000005C0040000802400000024070B504460B
S315080040100CB9012070BD4CF6CC402168086045F209
S31508004020555021680860D4E9001048602168A068E6
S315080040308860FFF735FC05460BE0FFF731FC401BAF
S31508004040312806D92068C06800F0030008B10320AB
S31508004050E0E72068C06800F003000028EDD14AF6C2
S31508004060AA20216808600020D4E701464AF6AA205B
S315080040700A681060002070470348006803490978F9
S315080040800844014908607047C8010020D001002093
S3150800409010B50D48006840F400700B4908600846E2
S315080040A0006840F4806008600846006840F4807044
S315080040B00860032000F0DCF8002000F007F800F0A4
S315080040C05FF8002010BD0000003C02402DE9F041D9
S315080040D088B004460027B84600BF0020019024484F
S315080040E0006840F00100224908600846006800F0B0
S315080040F00100019000BF00BF02A903A801F07CF8E7
S31508004100069F1FB901F0A0F8054602E001F09CF8E9
S3150800411045001848B5FBF0F0A0F101084FF08040C3
S315080041201549086040F2E7311348C160C0F80480B9
S31508004130002101618160816101F008FE064696B999
S315080041400D4801F067FF06466EB91C2000F042F8DC
S31508004150102C07D2002221461C2000F04BF80748F5
S31508004160046000E00126304608B0BDE8F081000092
S315080041704038024040420F00C8710020CC010020A0
S3150800418008B500BF002000901148006840F4804040
S315080041900F4908600846006800F48040009000BF98
S315080041A000BF00BF00200090081F006840F0805044
S315080041B0091F08600846006800F08050009000BF9C
S315080041C000BF00220F21901E00F014F808BD000061
S315080041D04438024001460846002809DB00F01F0360
S315080041E001229A4043099B0003F1E023C3F800210A
S315080041F000BF70472DE9F05F80460D46164600273A
S3150800420009F072FA074639462A46334601F007008E
S31508004210C0F1070ABAF1040F02D94FF0040A01E007
S31508004220C0F1070AD14600F1040ABAF1070F02D213
S315080042304FF0000A01E0A0F1030AD4464FF0010A44
S315080042400AFA09FAAAF1010A0AEA020A0AFA0CFAA9
S315080042504FF0010B0BFA0CFBABF1010B0BEA030B4E
S315080042604AEA0B042146404609F046FABDE8F09FA3
S3150800427000BF00F00702064B19684FF6FF03194006
S31508004280044B0B4343EA0221014B196000BF7047F8
S315080042900CED00E00000FA0570470246106841621E
S315080042A000207047F0B5034615461868446A21B9D8
S315080042B044EA05401E68B06219E01868806A04EB93
S315080042C01044002208E0186800F5827050F82200B1
S315080042D004EB1044501CC2B2481E9042F3D844EA7C
S315080042E00547186800F582704E1E40F826700020B3
S315080042F0F0BD10B50446D4F8080507F008FC10BD53
S3150800430070B504460D4605EBC50304F13C0101EB07
S3150800431083010A692946D4F8080507F0F3FA70BD3F
S3150800432070B504460D4605EBC50304F51F7101EB90
S3150800433083010A692946D4F8080507F067FB70BDAA
S3150800434010B50446D4F8080507F0E4FB10BD2DE9BE
S31508004350F04104460D4605F08000802808D105F096
S315080043600F0000EBC00104F13C0000EB810607E0FA
S3150800437005F00F0000EBC00104F51F7000EB810685
S315080043803146206808F0B8FE07463846BDE8F08191
S3150800439070B504460E4606F0800080280AD106F05D
S315080043A00F0000EBC00104F13C0000EB8105012081
S315080043B0687009E006F00F0000EBC00104F51F70F5
S315080043C000EB81050020687006F00F00287000BF1A
S315080043D094F8BC04012801D1022070BD012084F89C
S315080043E0BC0400BF2946206808F066F900BF002013
S315080043F084F8BC0400BF00BFEFE770B504460E465C
S3150800440006F00F006168884201D9012070BD06F0E8
S31508004410800080280AD106F00F0000EBC00104F1E5
S315080044203C0000EB81050120687009E006F00F00EA
S3150800443000EBC00104F51F7000EB810500206870D1
S315080044400020A87006F00F00287000BF94F8BC047E
S31508004450012801D10220D9E7012084F8BC0400BF55
S315080044602946206808F010FC00BF002084F8BC0428
S3150800447000BF00BFCAE7024601F00F0000EBC00309
S3150800448002F51F7000EB8300006A70472DE9F047BC
S3150800449005460E4690461F464FF0000906F0800076
S315080044A080280AD106F00F0000EBC00105F13C0098
S315080044B000EB81040120607009E006F00F0000EBB4
S315080044C0C00105F51F7000EB81040020607006F03E
S315080044D00F002070C4F80C802771607808B1207826
S315080044E02081022F01D10020607100BF95F8BC041D
S315080044F0012802D10220BDE8F087012085F8BC0416
S3150800450000BF2146286807F0EDFF00BF002085F8A8
S31508004510BC0400BF4846EEE72DE9F04104460E46C6
S315080045201746984606F00F0000EBC00104F51F7009
S3150800453000EB81052F61C5F8188000202862687095
S3150800454006F00F0028702069012800D16F6106F077
S315080045500F0028B9227C2946206808F06FFA04E083
S31508004560227C2946206808F023FC0020BDE8F0815B
S3150800457070B504460D4605F00F006168884201D9FA
S31508004580012070BD05F0800080280AD105F00F00D3
S3150800459000EBC00104F13C0000EB810601207070BD
S315080045A007E005EBC50104F51F7000EB8106002046
S315080045B070700120B07005F00F00307000BF94F8DD
S315080045C0BC04012801D10220DBE7012084F8BC04E1
S315080045D000BF3146206808F09EFB05F00F0028B999
S315080045E0217C04F2C442206808F016FB00BF0020B4
S315080045F084F8BC0400BF00BFC3E72DE9F0410446B8
S315080046000E461746984606F00F0000EBC00104F167
S315080046103C0000EB81052F61C5F818800020286250
S315080046200120687006F00F0028702069012800D163
S315080046306F6106F00F0028B9227C2946206808F029
S31508004640FDF904E0227C2946206808F0B1FB002029
S31508004650BDE8F0812DE9FE4F0446D4F800B05E4669
S31508004660206808F030FE002874D1206808F06AFE39
S3150800467008B9BDE8FE8F40F608008059C0F30D2042
S31508004680C4F8FC04206808F05DFE00F00200022869
S3150800469005D12068406900F0020021684861206859
S315080046A008F050FE00F01000102845D120688069F7
S315080046B020F0100021688861DBF8209009F00F00CF
S315080046C000EBC00104F51F7000EB810AC9F34340F3
S315080046D002281AD147F6F07009EA000030B3C9F388
S315080046E00A125846DAF8101008F031FEC9F30A1112
S315080046F0DAF810000844CAF81000C9F30A11DAF803
S3150800470020000844CAF8200010E0C9F343400628F0
S315080047100CD1082204F2C441584608F018FEC9F321
S315080047200A11DAF820000844CAF8200020688069CF
S3150800473040F0100021688861206808F003FE00F444
S315080047400020B0F5002F7BD10025206808F0CAFDAF
S31508004750029072E0E1E2029800F00100002868D0B9
S31508004760E9B2206808F0E1FD804608F0010048B18A
S31508004770012106F5306000EB451081602946204688
S3150800478004F05AFC08F00800082809D1082106F5A3
S31508004790306000EB451081602946204604F01AFC7B
S315080047A008F01000102805D1102106F5306000EB3E
S315080047B04510816008F00200022824D1DBF81400B5
S315080047C000F08000802807D140F60400805940F4A4
S315080047D0806140F60400815105EBC50104F51F70A0
S315080047E000EB810A9AF80300012806D100208AF80E
S315080047F00300E9B2204600F09BFA022106F5306074
S3150800480000EB4510816008F02000202805D1202102
S3150800481006F5306000EB4510816008F40050B0F5ED
S31508004820005F06D14FF4005106F5306000EB4510E5
S3150800483081606D1C029840080290029800288AD16F
S31508004840206808F07FFD00F48020B0F5802F7DD128
S31508004850206808F03DFD029000259AE0029800F0D5
S315080048600100002873D0E9B2206808F045FD8046AB
S3150800487008F00100F0B305F00F010120884001900F
S3150800488040F634008159019821EA000040F63401C7
S315080048908851012106F5106000EB451081602069FA
S315080048A0012824D105EBC50104F13C0000EB810089
S315080048B005EBC502016904F13C0000EB8200C06803
S315080048C0014405EBC50204F13C0000EB82000161DE
S315080048D06DB905EBC50104F13C0000EB8100806968
S315080048E028B904F2C4420121206808F095F9E9B212
S315080048F0204600E001E0FFF703FD08F0080008285D
S3150800490005D1082106F5106000EB4510816008F016
S315080049101000102805D1102106F5106000EB45108F
S31508004920816008F04000402805D1402106F5106056
S3150800493000EB4510816008F0020002281DD12946C7
S31508004940584608F081FC05EBC50101E025E01CE0AE
S3150800495004F13C0000EB810A9AF80300012806D10D
S3150800496000208AF80300E9B2204600F0D8F90221AF
S3150800497006F5106000EB4510816008F0800080287D
S3150800498003D12946204604F0F9FB6D1C029840081D
S315080049900290029800287FF461AF206808F0D2FCE4
S315080049A000F00040B0F1004F1CD140F604008059D9
S315080049B020F0010140F60400815194F8F40401281E
S315080049C007D1002084F8F40400212046FFF764FC90
S315080049D002E0204600F0DCFA2068406900F000405A
S315080049E021684861206808F0ADFC00F40060B0F565
S315080049F0006F0ED140F60800805900F0010010B192
S31508004A00204600F01DFB2068406900F4006021681C
S31508004A104861206808F096FC00F48050B0F5805F85
S31508004A207ED140F60400805920F0010140F60400CA
S31508004A3081511021206808F007FC002732E04FF664
S31508004A407F3106F5106000EB4710816006F51060AF
S31508004A5000EB4710006820F4001106F5106000EB23
S31508004A60471001604FF67F3106F5306000EB4710BE
S31508004A70816006F5306000EB4710006820F40011ED
S31508004A8006F5306000EB4710016006F5306000EB74
S31508004A904710006840F0006106F5306000EB4710EB
S31508004AA001607F1C6068B842C9D840F61C0080596E
S31508004AB040F0011140F61C008151206B70B1D6F808
S31508004AC0840840F00B01C6F8841840F64400805963
S31508004AD040F00B0140F6440081510FE040F6140007
S31508004AE0805942F22B01084340F614018851081FE9
S31508004AF0805940F00B014FF401608151D6F8000847
S31508004B0020F4FE60C6F80008217C04F2C44220683E
S31508004B1008F082F82068406900F48050216800E0B7
S31508004B2000E04861206808F00DFC00F40050B0F57C
S31508004B30005F17D1206807F03DFD206808F0B0FB3C
S31508004B40E06000F07BFB0090227B2068009908F06B
S31508004B5081FC204600F004FA2068406900F4005001
S31508004B6021684861206808F0EDFB00F00800082875
S31508004B7008D1204600F013FA2068406900F00800C2
S31508004B8021684861206808F0DDFB00F08000802875
S31508004B9018D1DBF8180020F08000CBF818000125A2
S31508004BA00DE005EBC50104F51F7000EB8100C07828
S31508004BB0012803D1E9B22046FFF7C9FB6D1C6068DE
S31508004BC0A842EED8206808F0BDFB00F48010B0F5C6
S31508004BD0801F2DD1012522E006F5106000EB451057
S31508004BE0D0F8009005EBC50104F13C0000EB81000C
S31508004BF00079012812D109F00040B0F1004F0DD11B
S31508004C00012105EBC50204F13C0000EB8200C170EE
S31508004C10E8B240F080012046FFF799FB6D1C6068FA
S31508004C20A842D9D82068406900F4801021684861F4
S31508004C30206808F087FB00F40010B0F5001F44D187
S31508004C40012538E006F5306000EB4510D0F80090F5
S31508004C5005EBC50104F51F7000EB810000790128FA
S31508004C6028D109F00040B0F1004F23D109F4803073
S31508004C7094F8FC1401F0010188421BD1012105EBCF
S31508004C80C50204F51F7000EB8200C170DBF818003E
S31508004C9040F08000CBF81800DBF8140000F0800024
S31508004CA040B940F60400805940F4007140F604000B
S31508004CB0815103E06D1C6068A842C3D800BF206814
S31508004CC0406900F4001021684861206808F03AFB42
S31508004CD000F08040B0F1804F08D12046FFF709FB6D
S31508004CE02068406900F0804021684861206808F023
S31508004CF029FB00F0040004280FD12068D0F804909E
S31508004D0009F00400042802D12046FFF719FB2068A1
S31508004D10406840EA09002168486000BFA9E470B508
S31508004D2004460D462946D4F8080506F05FFF70BD0F
S31508004D3070B504460D462946D4F8080506F07AFFEC
S31508004D4070BD70B58AB0044614B901200AB070BDAA
S31508004D50266894F8BD0428B9002084F8BC042046C7
S31508004D6000F0A2F8032084F8BD04F06B00F480700C
S31508004D7008B900212161206807F058FE282204F1AD
S31508004D8010016846FBF7ADFA94E80F0007F026FC19
S31508004D9020B1022084F8BD040120D7E7002120684D
S31508004DA008F005FB002531E0012105EBC50204F1F9
S31508004DB03C0000EB8200417005EBC50104F13C00A4
S31508004DC000F8215005EBC50100EB810005810021A3
S31508004DD005EBC50204F13C0000EB8200017105EB0E
S31508004DE0C50204F13C0000EB8200C16005EBC50278
S31508004DF004F13C0000EB8200016105EBC50204F1F9
S31508004E003C0000EB82008161681CC5B26068A8425C
S31508004E10CAD800252AE0002105EBC50204F51F7053
S31508004E2000EB8200417005EBC50104F51F7000F820
S31508004E302150002105EBC50200EB8200017105EB4C
S31508004E40C50204F51F7000EB8200C16005EBC502C0
S31508004E5004F51F7000EB8200016105EBC50204F53D
S31508004E601F7000EB82008161681CC5B26068A842A9
S31508004E70D1D8282204F110016846FBF732FA94E8E3
S31508004E800F0007F0E3FC20B1022084F8BD040120DE
S31508004E905CE7002084F83800012084F8BD04206807
S31508004EA007F0C2FC002051E710B586B0044614216D
S31508004EB001A8FBF72FFA2068B0F1A04F4AD100BF2E
S31508004EC0002000902448006840F00100224908604C
S31508004ED00846006800F00100009000BF00BF4FF4CC
S31508004EE0C0500190022002900020039003200490F5
S31508004EF00A20059001A91948FEF7D2FB00BF1648FB
S31508004F00001D006840F080001349091D086000BFB5
S31508004F100020009010481430006840F480400E4984
S31508004F20143108600846006800F48040009000BF0D
S31508004F3000BF00BF002205214320FFF75BF943208D
S31508004F40FFF748F9012211030448FEF7A3FC4120A4
S31508004F50FEF76AFB06B010BD30380240000002407A
S31508004F6070B504460125E06808B9002506E0E06842
S31508004F70022801D1012501E0FDF748F82946D4F8B1
S31508004F80080506F000FFD4F8080506F0A7FE70BD70
S31508004F9010B50446D4F8080506F0D6FE10BD10B5BF
S31508004FA00446D4F8080506F0DAFE10BD70B50446C6
S31508004FB00D4600BF94F8BC04012801D1022070BD3B
S31508004FC0012084F8BC0400BF84F8385029462068BC
S31508004FD008F021FA00BF002084F8BC0400BF00BF17
S31508004FE0EDE710B5044604F2C441D4F8080506F006
S31508004FF0E1FE10BD70B50446256800BF94F8BC04F0
S31508005000012801D1022070BD012084F8BC0400BF2C
S31508005010A06A012806D1A069012803D0A86B40F42C
S315080050208030A863206808F0DDF8206807F0EAFBFE
S3150800503000BF002084F8BC0400BF00BFE3E70000FF
S3150800504010B50446D4F8080506F011FF2068D0F814
S31508005050000E40F001002168C1F8000E206A28B150
S315080050600348006840F006000149086010BD0000CA
S3150800507010ED00E070B504460D460CB9012070BD70
S315080050805848006800F00700A84209D255490D7033
S315080050900846006800F00700A84201D00120EEE7A4
S315080050A0207800F0020002281DD1207800F00400C4
S315080050B0042805D14C48006840F4E0504A49086085
S315080050C0207800F00800082805D14748006840F411
S315080050D06040454908604448006820F0F000A1682F
S315080050E0084341490860207800F00100A8B36068C9
S315080050F0012807D13C4808380068C0F34040B8B9D1
S315080051000120BCE76068022802D06068032807D13E
S31508005110354808380068C0F3406048B90120AEE752
S31508005120314808380068C0F3400008B90120A6E7EE
S315080051302D48006820F00300616808432A49086082
S31508005140FEF7AEFB064609E0FEF7AAFB801B41F216
S315080051508831884202D9032091E707E0224800688F
S3150800516000F00C006168B0EB810FEDD11D480068B6
S3150800517000F00700A84209D91A490D7008460068C8
S3150800518000F00700A84201D0012078E7207800F057
S315080051900400042807D11448006820F4E050E168A8
S315080051A0084311490860207800F00800082808D14B
S315080051B00D48006820F46040216940EAC1000A49A8
S315080051C0086000F061F808490968C1F30311074A45
S315080051D0515CC8400649086006480068FEF776FF35
S315080051E000204CE7003C024008380240A470010841
S315080051F024030020CC0100200F2202600D4A126809
S3150800520002F0030242600B4A126802F0F002826062
S31508005210084A126802F4E052C260064A126802F4AA
S315080052206042D2080261044A126802F007020A6064
S315080052307047000008380240003C024001480068F8
S31508005240704700002403002000B5FFF7F7FF044964
S315080052500968C1F38221034A515CC84000BD0000B9
S3150800526008380240B470010800B5FFF7E7FF0449A3
S315080052700968C1F34231034A515CC84000BD0000C9
S3150800528008380240B47001082DE9F04700240025CB
S315080052900026A1462548006800F00C0020B1042825
S315080052A005D008283AD105E0DFF8849039E0DFF820
S315080052B0849036E01D48001F006800F03F041B4834
S315080052C0001F006800F4800078B11A481749091FC2
S315080052D00968C1F38811A0FB017001462246002324
S315080052E03846FAF7CDFF05460EE011480F49091F63
S315080052F00968C1F38811A0FB017001462246002304
S315080053003846FAF7BDFF05460848001F0068C0F38F
S315080053100140401C4600B5FBF6F902E0DFF81090A4
S3150800532000BF00BF4846BDE8F087000008380240C5
S315080053300024F400001BB700F8B504460CB9012098
S31508005340F8BD207800F00100002874D0F9480068FC
S3150800535000F00C0004280DD0F648006800F00C0098
S31508005360082813D1F348001F006800F48000B0F540
S31508005370800F0BD1EF4808380068C0F3404000287A
S3150800538059D06068002856D10120D9E700BF606867
S31508005390B0F5803F08D1E7480838006840F4803007
S315080053A0E449083908601EE06068B0F5A02F0DD101
S315080053B0E0480838006840F48020DE49083908606B
S315080053C00846006840F4803008600CE0D948083880
S315080053D0006820F48030D749083908600846006814
S315080053E020F48020086000BF606890B1FEF758FA84
S315080053F0054606E0FEF754FA401B642801D9032047
S315080054009EE7CC4808380068C0F340400028F1D031
S3150800541011E0FEF745FA054606E0FEF741FA401B9D
S31508005420642801D903208BE7C24808380068C0F30E
S3150800543040400028F1D1207800F0020002285FD110
S31508005440BC48006800F00C0058B1BA48006800F083
S315080054500C0008281CD1B748001F006800F480001B
S31508005460B0B9B44808380068C0F3400020B1E06815
S31508005470012801D0012063E7AE480838006820F00B
S31508005480F800216940EAC100AA490839086037E0EE
S31508005490E06800B30120A8490860FEF701FA05464E
S315080054A006E0FEF7FDF9401B022801D9032047E76D
S315080054B0A04808380068C0F340000028F1D09D488D
S315080054C00838006820F0F800216940EAC1009949C7
S315080054D00839086014E0002097490860FEF7E0F9EB
S315080054E0054606E0FEF7DCF9401B022801D9032031
S315080054F026E7904808380068C0F340000028F1D134
S31508005500207800F0080008282CD16069A8B101208D
S315080055108A490860FEF7C4F9054606E0FEF7C0F9B1
S31508005520401B022801D903200AE782486C3000682C
S31508005530C0F340000028F1D014E000207F4908603D
S31508005540FEF7AEF9054606E0FEF7AAF9401B022863
S3150800555001D90320F4E677486C300068C0F34000B0
S315080055600028F1D1207800F00400042870D1002723
S3150800557070483830006800F0805090B900BF0020AD
S3150800558000906C483830006840F0805069493831DE
S3150800559008600846006800F08050009000BF00BF11
S315080055A001276748006800F48070B0B9644800684D
S315080055B040F4807062490860FEF772F9054606E015
S315080055C0FEF76EF9401B022801D90320B8E65C48AD
S315080055D0006800F480700028F2D000BFA068012897
S315080055E008D154486830006840F0010051496831D4
S315080055F008601DE0A06805280DD14E48683000688F
S3150800560040F004004B49683108600846006840F0DD
S31508005610010008600CE047486830006820F0010087
S315080056204449683108600846006820F004000860AC
S3150800563000BFA068A8B1FEF733F9054609E0FEF7F2
S315080056402FF9401B41F28831884202D9032077E6B8
S3150800565026E0384868300068C0F340000028EED0DD
S3150800566013E0FEF71DF9054608E0FEF719F9401B99
S3150800567041F28831884201D9032061E62D48683015
S315080056800068C0F340000028EFD1012F07D1294850
S315080056903830006820F0805026493831086000BF4D
S315080056A0A069002845D02348006800F00C000828A7
S315080056B05DD0A069022845D100201F490866FEF77B
S315080056C0EFF8054606E0FEF7EBF8401B022801D97D
S315080056D0032035E6174808380068C0F340600028FC
S315080056E0F1D1D4E907010843616A40EA8111012230
S315080056F0A06AC2EB500041EA00412C20005D41EA55
S3150800570000600C49091F086001200B490866FEF76E
S31508005710C7F8054606E0FEF7C3F8401B022801D97C
S3150800572003200DE6034808380068C0F340600028E7
S31508005730F1D049E00838024000004742800E47424F
S3150800574000700040002021490866FEF7A9F80546C2
S3150800575006E0FEF7A5F8401B022801D90320EFE56D
S315080057601B480068C0F340600028F2D12CE0A0690D
S31508005770012800D1E4E51648001D0668A06901283D
S3150800578020D006F48001E06981421BD106F03F0172
S31508005790206A814216D147F6C0703040616AB0EB84
S315080057A0811F0FD106F440310122A06AC2EB5000D6
S315080057B0B1EB004F06D106F070612C20005DB1EB0D
S315080057C0006F01D00120BBE50020B9E50000474283
S315080057D00038024010B504460CB9012010BD606AB5
S315080057E038B96068B0F5827F00D105E00021E16133
S315080057F002E00021216161610021A16294F8510053
S3150800580028B9002084F85000204600F047F8022006
S3150800581084F851002068006820F04000216808607C
S31508005820A08800F48270218901F404410843A18903
S3150800583001F400610843217C01F002010843217D3F
S3150800584001F001010843218B01F400710843217F0F
S3150800585001F0380108432021095D01F08001084361
S31508005860218D01F400510843216808600421A069CC
S3150800587001EA104094F8241001F010010843216849
S3150800588048602068C06920F400602168C86100206B
S315080058906065012084F8510000209FE710B586B0A6
S315080058A00446142101A8FAF735FD4B4920688842B9
S315080058B07ED100BF002000904848006840F4805020
S315080058C0464908600846006800F48050009000BF0A
S315080058D000BF00BF0020009040481438006840F020
S315080058E002003E49143908600846006800F00200C4
S315080058F0009000BF00BF00BF002000900846006867
S3150800590040F0010008600846006800F001000090B9
S3150800591000BF00BF182001900220029000200390CB
S31508005920032004900520059001A92D48FDF7B8FE2F
S31508005930802001900220029000200390032004900A
S315080059400520059001A92748FDF7AAFE26482749FC
S3150800595008604FF0C0604860002124488160C1603B
S315080059604FF480610161002141618161C1614FF499
S315080059704031016200214162FDF796FD08B1FCF74E
S3150800598045FB00BF1948E064846300BF16484830E9
S31508005990174908604FF0C06048604021144881608C
S315080059A00021C1604FF4806101610021416100E07E
S315080059B010E08161C1614FF440310162002141620A
S315080059C0FDF772FD08B1FCF721FB00BF0848A0648B
S315080059D0846300BF06B010BD003001404438024061
S315080059E000040240000002401064024008710020D2
S315080059F0687100202DE9FF5F0446884691461D46DA
S31508005A000E9E012002900020019000BF94F85000DD
S31508005A10012803D1022004B0BDE8F09F012084F8D4
S31508005A20500000BFFDF73CFF074694F851B0606888
S31508005A300390AA46BBF1010F0BD00398B0F5827FFD
S31508005A4004D1A06810B9BBF1040F02D0022001905E
S31508005A50DBE0B8F1000F03D0B9F1000F00D015B99B
S31508005A6001200190D1E094F85100042802D00520C5
S31508005A7084F8510000206065C4F83890E587A5874A
S31508005A80C4F83080E586A5862064606420680068CE
S31508005A9000F04000402805D02068006840F040002B
S31508005AA021680860E068B0F5006F4AD1606810B1F7
S31508005AB0BAF1010F09D1206B00882168C860206BF4
S31508005AC0801C2063E08E401EE08633E020688068F4
S31508005AD000F00200022810D1E08E70B10298012869
S31508005AE00BD1206B00882168C860206B801C20635E
S31508005AF0E08E401EE086002002902068806800F054
S31508005B00010068B1E08F58B12068C068A16B0880B1
S31508005B10A06B801CA063E08F401EE08701200290E6
S31508005B20FDF7BEFEC01BB04204D3701C10B10320A3
S31508005B3001906AE0E08E0028C8D1E08F0028C5D120
S31508005B404AE0606810B1BAF1010F09D1206B0078FC
S31508005B5021680873206B401C2063E08E401EE08697
S31508005B6034E02068806800F00200022810D1E08E38
S31508005B7070B1029801280BD1206B00782168087350
S31508005B80206B401C2063E08E401EE08600200290B9
S31508005B902068806800F0010068B1E08F58B120687D
S31508005BA0C068A16B0870A06B401CA063E08F401E04
S31508005BB0E08701200290FDF773FEC01BB04201D3B7
S31508005BC0701C00B916B9032001901EE0E08E00286B
S31508005BD0C7D1E08F0028C4D13A463146204603F0A3
S31508005BE0ABFC20B101200190202060650DE0A06883
S31508005BF050B900BF002000902068C0680090206857
S31508005C008068009000BF00BF00BF012084F85100E3
S31508005C1000BF002084F8500000BF0198FBE67047DB
S31508005C20704710B50346002200BF93F83C000128D0
S31508005C3001D1022010BD012083F83C0000BF22F0EC
S31508005C40FF00CC6840EA040222F440708C6840EAFF
S31508005C50040222F480604C6840EA040222F40060E0
S31508005C600C6840EA040222F480500C6940EA0402F7
S31508005C7022F400504C6940EA040222F48040CC69C0
S31508005C8040EA04021868426400BF002083F83C001A
S31508005C9000BF00BFCEE7000030B502460B4600BF86
S31508005CA092F83C00012801D1022030BD012082F87B
S31508005CB03C0000BF022082F83D0010684468106866
S31508005CC0816824F070041868044310684460184D0D
S31508005CD01068A8421BD01068B0F1804F17D0154D38
S31508005CE01068A84213D0144D1068A8420FD0134D5F
S31508005CF01068A8420BD0124D1068A84207D0114D63
S31508005D001068A84203D0104D1068A84205D121F0AA
S31508005D1080015868014310688160012082F83D00BF
S31508005D2000BF002082F83C0000BF00BFBDE70000AE
S31508005D30000001400004004000080040000C00403C
S31508005D4000040140004001400018004010B5044618
S31508005D500CB9012010BD94F83D0028B9002084F83C
S31508005D603C00204600F026F8022084F83D00211D5C
S31508005D70206803F08DFF012084F8460000BF84F8F0
S31508005D803E0001213F200155402001554120015583
S31508005D9000BF00BF012084F842004320015544207B
S31508005DA001554520015500BF012084F83D0000201B
S31508005DB0D0E7000038B504466649206888420FD106
S31508005DC000BF002000906448006840F00100624966
S31508005DD008600846006800F00100009000BFB7E0C0
S31508005DE05E492068884211D100BF002000905A48B9
S31508005DF0001F006840F004005749091F086008465C
S31508005E00006800F00400009000BFA1E05449206833
S31508005E10884211D100BF002000904F48001F00683B
S31508005E2040F008004C49091F08600846006800F061
S31508005E300800009000BF8BE04A492068884211D1CB
S31508005E4000BF002000904448001F006840F0100082
S31508005E504149091F08600846006800F010000090D4
S31508005E6000BF75E040492068884220D100BF002065
S31508005E7000903948006840F0020037490860084633
S31508005E80006800F00200009000BF00BF0022052154
S31508005E902C20FEF7AFF92C20FEF79CF900220521ED
S31508005EA02D20FEF7A7F92D20FEF794F950E02F498B
S31508005EB0206888420FD100BF00200090264800685D
S31508005EC040F40030244908600846006800F40030B1
S31508005ED0009000BF3CE02649206888421AD100BFDE
S31508005EE0002000901C48001F006840F080001A49F6
S31508005EF0091F08600846006800F08000009000BF8F
S31508005F0000BF002205212C20FEF774F92C20FEF78D
S31508005F1061F91DE017492068884219D100BF0020A1
S31508005F2000900D48001F006840F480700A49091F58
S31508005F3008600846006800F48070009000BF00BF43
S31508005F40002205212D20FEF755F92D20FEF742F9EE
S31508005F5038BD0000000001404438024000080040F7
S31508005F60000C0040001000400004014000440140BD
S31508005F70001C004000200040014691F83D00012821
S31508005F8001D001207047022081F83D001A4B0868AD
S31508005F9098421BD00868B0F1804F17D0174B086895
S31508005FA0984213D0164B086898420FD0154B0868CC
S31508005FB098420BD0144B0868984207D0134B0868D0
S31508005FC0984203D0124B086898420CD1086880683A
S31508005FD000F00702062A0CD00868006840F00100A5
S31508005FE00B68186005E00868006840F001000B6857
S31508005FF018600020C6E700000000014000040040C9
S3150800600000080040000C0040000401400040014028
S3150800601000180040014691F83D00012801D00120F2
S315080060207047022081F83D000868C06840F001000A
S315080060300B68D8601A4B086898421BD00868B0F1FC
S31508006040804F17D0174B0868984213D0164B08682C
S3150800605098420FD0154B086898420BD0144B086825
S31508006060984207D0134B0868984203D0124B086829
S3150800607098420CD10868806800F00702062A0CD0FE
S315080060800868006840F001000B68186005E00868B9
S31508006090006840F001000B6818600020C0E70000A7
S315080060A0000001400004004000080040000C0040C9
S315080060B00004014000400140001800402DE9F0416D
S315080060C004460D46002700BF94F83C00012802D17B
S315080060D00220BDE8F081012084F83C0000BF0220C0
S315080060E084F83D002068866826F0770626F47F4601
S315080060F0206886602868502833D00CDC202850D0C9
S3150800610004DC00284BD0102851D149E0302849D06A
S3150800611040284CD139E060282DD0702807D0B0F53A
S31508006120805F03D0B0F5005F41D10DE041E0D5E9CD
S3150800613002136A68206803F028FE2068866846F01D
S3150800614077062068866034E0D5E902136A68206815
S3150800615003F01BFE2068806840F480402168886050
S3150800616027E0EA686968206803F000FF5021206884
S3150800617003F016FE1DE0EA686968206803F009FF67
S315080061806021206803F00CFE13E0EA68696820685D
S3150800619003F0ECFE4021206803F002FE09E000BF90
S315080061A000BF00BF2968206803F0FAFD01E0012757
S315080061B000BF00BF012084F83D0000BF002084F81E
S315080061C03C0000BF384684E7704710B5044620688F
S315080061D00069C0F34000D8B12068C068C0F3400029
S315080061E0B0B16FF0020021680861012020772068AD
S315080061F0806900F0030018B12046FFF7E5FF05E0C7
S31508006200204600F079F9204600F02DFA0020207784
S3150800621020680069C0F38000D8B12068C068C0F360
S315080062208000B0B16FF00400216808610220207771
S315080062302068806900F4407018B12046FFF7C4FF53
S3150800624005E0204600F058F9204600F00CFA002038
S31508006250207720680069C0F3C000D8B12068C068FC
S31508006260C0F3C000B0B16FF00800216808610420CF
S3150800627020772068C06900F0030018B12046FFF7B0
S31508006280A3FF05E0204600F037F9204600F0EBF9B9
S315080062900020207720680069C0F30010D8B1206874
S315080062A0C068C0F30010B0B16FF010002168086133
S315080062B0082020772068C06900F4407018B120468D
S315080062C0FFF782FF05E0204600F016F9204600F0A9
S315080062D0CAF9002020772068006900F0010058B14B
S315080062E02068C06800F0010030B16FF00100216835
S315080062F00861204600F03EFA20680069C0F3C01025
S3150800630058B12068C068C0F3C01030B16FF0800083
S31508006310216808612046FFF782FC20680069C0F3FF
S31508006320801058B12068C068C0F3801030B16FF093
S31508006330400021680861204600F030FA20680069AC
S31508006340C0F3401058B12068C068C0F3401030B19F
S315080063506FF02000216808612046FFF761FC10BD38
S3150800636010B586B00446142101A8F9F7D3FF57499A
S31508006370206888421ED100BF00200090544800685B
S3150800638040F01000524908600846006800F0100006
S31508006390009000BF00BF4FF4D44001900220029045
S315080063A00020039004900120059001A94948FDF7B3
S315080063B077F988E04849206888421ED100BF002046
S315080063C000904348006840F00800414908600846C4
S315080063D0006800F00800009000BF00BF4FF480403E
S315080063E0019002200290002003900490022005905C
S315080063F001A93A48FDF754F965E039492068884209
S315080064001ED100BF002000903148006840F080008F
S315080064102F4908600846006800F08000009000BF19
S3150800642000BF4FF4E0500190022002900020039034
S3150800643004900220059001A92A48FDF731F942E0A7
S315080064402949206888421DD100BF002000902048B5
S31508006450006840F004001E4908600846006800F01D
S315080064600400009000BF00BF402001900220029067
S315080064700020039004900320059001A91B48FDF70E
S315080064800FF920E01A49206888421CD100BF002075
S3150800649000900F48006840F020000D490860084643
S315080064A0006800F02000009000BF00BF4020019067
S315080064B0022002900120039004900320059001A970
S315080064C00C48FDF7EDF806B010BD000000000140CD
S315080064D0303802400010024000080040000C02401C
S315080064E0000C0040001C0240000401400008024065
S315080064F0004401400014024070472DE9F04104466B
S315080065000D461646002700BF94F83C00012802D124
S315080065100220BDE8F081012084F83C0000BF36B1B6
S31508006520042E1BD0082E31D00C2E5ED145E029460C
S31508006530206803F03FFC2068806940F00800216865
S3150800654088612068806920F00400216888612068D5
S315080065508069296908432168886148E029462068D6
S3150800656003F060FC2068806940F400602168886157
S315080065702068806920F480602168886120688069C5
S31508006580296940EA01202168886130E029462068A7
S3150800659003F086FC2068C06940F008002168C861DD
S315080065A02068C06920F004002168C8612068C069B5
S315080065B0296908432168C86119E02946206803F05B
S315080065C0ABFC2068C06940F400602168C861206897
S315080065D0C06920F480602168C8612068C06929699B
S315080065E040EA01202168C86101E0012700BF00BF19
S315080065F000BF002084F83C0000BF384689E710B584
S3150800660004460CB9012010BD94F83D0028B90020B5
S3150800661084F83C00204600F025F8022084F83D0066
S31508006620211D206803F034FB012084F8460000BFD2
S3150800663084F83E0001213F200155402001554120A4
S31508006640015500BF00BF012084F8420043200155D0
S31508006650442001554520015500BF012084F83D001E
S315080066600020D0E77047704770B504460D4615B947
S3150800667094F83E000BE0042D02D13F20005D06E0B1
S31508006680082D02D14020005D01E04120005D01286F
S3150800669001D0012070BD1DB9022084F83E000EE02D
S315080066A0042D03D102213F20015508E0082D03D10E
S315080066B002214020015502E0022141200155012214
S315080066C02946206803F050FB23492068884203D0F6
S315080066D022492068884201D1012000E0002028B123
S315080066E02068406C40F40040216848641A492068D4
S315080066F088421BD02068B0F1804F17D0184920680F
S31508006700884213D01749206888420FD01649206856
S3150800671088420BD011492068884207D0134920685F
S31508006720884203D01249206888420CD120688068C4
S3150800673000F00706062E0CD02068006840F001001D
S315080067402168086005E02068006840F001002168BB
S31508006750086000209EE70000000001400004014098
S315080067600004004000080040000C004000400140C2
S315080067700018004010B504462068B0F1804F01D1DA
S31508006780FDF77AFC04492068884202D100F0DEFF52
S3150800679000E000BF10BD0000001C004070477047B5
S315080067A070B50446002520684069C0F3C01594F802
S315080067B03D00212817D1B5B100BF00BF21681431AB
S315080067C051E8001F21F080002168143141E80002D9
S315080067D0002AF3D100BF606B10B1606BFCF7DAFCDE
S315080067E0204603F025FD20684069C0F3801594F81B
S315080067F03E00222817D1B5B100BF00BF2168143169
S3150800680051E8001F21F040002168143141E80002D8
S31508006810002AF3D100BFA06B10B1A06BFCF7BAFC3D
S31508006820204603F0BFFC002070BD70472DE9F84FE5
S315080068300446206805682068C668206847694FF0DE
S315080068400009CA4605F00F09B9F1000F0AD105F08B
S31508006850200038B106F0200020B1204603F0FBFCEA
S31508006860BDE8F88FB9F1000F7CD007F0010018B920
S3150800687006F49070002875D005F0010030B106F4D2
S31508006880807018B1206C40F00100206405F0040007
S3150800689030B107F0010018B1206C40F00200206406
S315080068A005F0020030B107F0010018B1206C40F085
S315080068B00400206405F0080048B106F0200010B96D
S315080068C007F0010018B1206C40F008002064206C25
S315080068D0002846D005F0200028B106F0200010B1A7
S315080068E0204603F0B8FC20684069C0F3801A206C83
S315080068F000F0080010B9BAF1000F2DD0204603F0B9
S3150800690051FC2068406900F04000402820D100BFB3
S3150800691000BF2168143151E8001F21F040002168AA
S31508006920143141E80002002AF3D100BFA06B50B130
S315080069307548A16B0865A06BFCF782FC88B1A06B53
S31508006940016D88470DE02046FFF76FFF09E009E073
S315080069502046FFF76AFF04E02046FFF766FF00209F
S3150800696020647DE7206B012876D105F01000002809
S3150800697072D006F010000028FAD000BF0020009060
S3150800698020680068009020684068009000BF00BF3B
S315080069902068406900F0400040285ED1A06B00687E
S315080069A040681FFA80F8B8F1000F54D0A08D404512
S315080069B051DDA4F82E80A06BC069B0F5807F43D066
S315080069C000BF00BF21680C3151E8001F21F4807018
S315080069D021680C3141E80002002AF3D100BF00BF4C
S315080069E000BF2168143151E8001F21F00100216819
S315080069F0143141E80002002AF3D100BF00BF00BFEE
S31508006A002168143151E8001F21F040002168143133
S31508006A1041E80002002AF3D100BF202084F83E0096
S31508006A200020206300BF00BF21680C3151E8001F19
S31508006A3021F0100021680C3141E80002002AF3D148
S31508006A4000BFA06BFCF7A6FBA08DE28D801A81B271
S31508006A502046FFF7A4FE03E740E0A08DE18D401A2B
S31508006A601FFA80F8E08DC0B3B8F1000F35D000BF2B
S31508006A7000BF21680C3151E8001F21F4907021688D
S31508006A800C3141E80002002AF3D100BF00BF00BF65
S31508006A902168143151E8001F21F0010021681431E2
S31508006AA041E80002002AF3D100BF202084F83E0006
S31508006AB00020206300BF00BF21680C3151E8001F89
S31508006AC021F0100021680C3141E80002002AF3D1B8
S31508006AD000BF41462046FFF762FEC1E605F080008A
S31508006AE030B106F0800018B1204603F0AFFDB7E6D6
S31508006AF005F0400030B106F0400018B1204603F01A
S31508006B0087FBADE600BFABE6BB9F000810B50446A1
S31508006B100CB9012010BDA06900B100E000BF94F8CF
S31508006B203D0028B9002084F83C00204600F028F8EB
S31508006B30242084F83D002068C06820F400502168AD
S31508006B40C860204603F004FC2068006920F49040E1
S31508006B50216808612068406920F02A002168486198
S31508006B602068C06840F400502168C860002020648E
S31508006B70202084F83D0084F83E000020CAE7000083
S31508006B8010B586B00446142101A8F9F7C3FBC1491C
S31508006B90206888427ED100BF00200090BE48006869
S31508006BA040F01000BC4908600846006800F0100074
S31508006BB0009000BF00BF00BF00200090B648143800
S31508006BC0006840F00200B4491439086008460068B5
S31508006BD000F00200009000BF00BF00BF0020009038
S31508006BE00846006840F0010008600846006800F0A2
S31508006BF00100009000BF00BF802001900220029093
S31508006C0000200390032004900720059001A9A348BB
S31508006C10FCF746FD4FF40070019002200290002018
S31508006C200390032004900720059001A99C48FCF7CF
S31508006C3037FD9C489C4908604FF000604860002179
S31508006C4099488160C1604FF480610161002141610A
S31508006C508161C1614FF48031016200214162FCF714
S31508006C6023FC08B1FBF7D2F900BF8F48A063846301
S31508006C7000BF8C4830308D4908604FF0006048608E
S31508006C8040218A4881600021C1604FF4806101611A
S31508006C90002100E01AE041618161C1614FF4803151
S31508006CA0016200214162FCF7FFFB08B1FBF7AEF970
S31508006CB000BF7E486063846300BF0022052125204B
S31508006CC0FDF798FA2520FDF785FAE1E0784920686E
S31508006CD088425DD100BF002000906F48001F006801
S31508006CE040F480206C49091F08600846006800F4D3
S31508006CF08020009000BF00BF00BF002000906648BB
S31508006D001438006840F004006349143908600846DE
S31508006D10006800F00400009000BF00BF4FF4406018
S31508006D20019002200290002003900320049007207F
S31508006D30059001A95F48FCF7B3FC5F485F49086006
S31508006D404FF00060486000215C488160C1604FF4E4
S31508006D50806101610021416181614FF48071C161E7
S31508006D604FF44031016200214162FCF79DFB08B1F6
S31508006D70FBF74CF900BF5148A063846300BF0022AB
S31508006D8005212720FDF736FA2720FDF723FA7FE0AD
S31508006D904B49206888427BD100BF002000903E48BE
S31508006DA0006840F020003C4908600846006800F08A
S31508006DB02000009000BF00BF00BF002000903648AA
S31508006DC01438006840F04000334914390860084612
S31508006DD0006800F04000009000BF00BF4FF48440F8
S31508006DE001900220029000200390032004900820BE
S31508006DF0059001A93348FCF753FC2A48483832491C
S31508006E0008604FF02060486000212F488160C1600B
S31508006E104FF480610161002141618161C1614FF4D4
S31508006E200031016200214162FCF73EFB08B1FBF725
S31508006E30EDF800BF2448A063846300BF19481830E2
S31508006E40224908604FF02060486040211F48816051
S31508006E500021C1604FF480610161002141618161B7
S31508006E60C1614FF40031016200214162FCF71CFB4D
S31508006E7008B1FBF7CBF800BF14486063846300BF12
S31508006E80002205214720FDF7B5F94720FDF7A2F9AD
S31508006E9006B010BD0010014044380240000402400C
S31508006EA000000240886402401C7500207C750020A2
S31508006EB0004800400008024028600240DC750020B7
S31508006EC000140140001802403C7600209C76002001
S31508006ED070B504460D46164694F83E00202816D18D
S31508006EE005B10EB9012070BD00BF94F83C00012819
S31508006EF001D10220F7E7012084F83C0000BF0020FA
S31508006F00206332462946204603F038FBEBE7022089
S31508006F10E9E7704770470000F7B50446154694F848
S31508006F203D00202846D1019800B10DB90120FEBDCB
S31508006F3000BF94F83C00012801D10220F7E70120A0
S31508006F4084F83C0000BF01982062A584E5840020EF
S31508006F502064212084F83D001748616BC8631748F0
S31508006F60616B08641648616BC8640020616B08652C
S31508006F7001AE23681A1D31682B46606BFCF70AFBC5
S31508006F806FF040002168086000BF002084F83C00CC
S31508006F9000BF00BF00BF2168143151E8001F41F04F
S31508006FA080002168143141E80002002AF3D100BFAD
S31508006FB00020BCE70220BAE7EFA0000847A10008B6
S31508006FC0CF9F00087047704700BFFEE710B589B02D
S31508006FD004461CA103C9CDE907011C4890F8200006
S31508006FE0A8B907A840F252316E220223CDE903322E
S31508006FF0CDE905100820122103220523CDE9002139
S315080070000290022212A11348FAF756FB18E00F481D
S3150800701090F82000012813D107A840F252316E22B9
S315080070200223CDE90332CDE9051008201221CDE966
S31508007030003102900523022205A10648FAF73CFB17
S3150800704009B010BD486561744C696D74541A002006
S31508007050303134002B120020014608684069C0F31D
S315080070608020B0B16FF480600A6850610020086320
S31508007070202081F83D00002081F83E00086C40F091
S315080070800400086400BF002081F83C0000BF01200E
S3150800709070470020FCE700002DE9F84304460F4638
S315080070A015469946DDE908862068006840F4806040
S315080070B0216808602068006840F4807021680860CC
S315080070C0434600224FF001112046009600F032F99F
S315080070D060B12068006800F48070B0F5807F02D146
S315080070E04FF4007020640320BDE8F88307F0FE0023
S315080070F021680861334642463E49204600F05DF95C
S3150800710008B10120F0E700BF002000902068406920
S31508007110009020688069009000BF00BF3246414653
S31508007120204600F0ECF950B1206C042805D12068FF
S31508007130006840F40070216808600120D4E7B9F1BE
S31508007140010F03D1E8B22168086117E0C5F30720EB
S315080071502168086132464146204600F0D0F950B110
S31508007160206C042805D12068006840F40070216866
S3150800717008600120B8E7E8B221680861324641464E
S31508007180204600F0BCF950B1206C042805D12068CF
S31508007190006840F40070216808600120A4E72068B0
S315080071A0006840F4807021680860434600224FF06A
S315080071B001112046009600F0BDF858B12068006815
S315080071C000F48070B0F5807F02D14FF4007020641F
S315080071D0032089E7F8B240F00100216808613346C8
S315080071E042460449204600F0E8F808B101207BE74A
S315080071F0002079E7020001002DE9F8430446884695
S3150800720015469946DDE908672068006840F48070ED
S3150800721021680860334600224FF001112046009786
S3150800722000F088F860B12068006800F48070B0F556
S31508007230807F02D14FF4007020640320BDE8F883F4
S3150800724008F0FE00216808613B463246214920467F
S3150800725000F0B3F808B10120F0E700BF0020009065
S3150800726020684069009020688069009000BF00BFD0
S315080072703A463146204600F042F950B1206C0428BF
S3150800728005D12068006840F4007021680860012074
S31508007290D4E7B9F1010F03D1E8B22168086117E014
S315080072A0C5F30720216808613A463146204600F0B2
S315080072B026F950B1206C042805D12068006840F4EE
S315080072C00070216808600120B8E7E8B22168086103
S315080072D00020B3E70200010070B504460D461646C5
S315080072E020E02046FFF7B8FE08B1012070BD681CF3
S315080072F0C0B1FCF7D5FA801BA84200D895B9002082
S315080073002063202084F83D00002084F83E00206C8D
S3150800731040F02000206400BF002084F83C0000BF35
S315080073200120E3E720684069C0F380000028D8D030
S315080073300020DBE72DE9F04104460D4617461E46B8
S31508007340DDF818801CE0701CD0B1FCF7A9FAA0EB98
S315080073500800B04200D89EB900202063202084F897
S315080073603D00002084F83E00206C40F02000206498
S3150800737000BF002084F83C0000BF0120BDE8F08172
S31508007380C5F3074001280AD120684069A9B2084018
S31508007390A9B2884201D101200BE0002009E020684B
S315080073A08069A9B20840A9B2884201D1012000E04B
S315080073B00020B842C7D00020E0E72DE9F041044696
S315080073C00D4616461F463DE020684069C0F38020FA
S315080073D0E8B12068006840F40070216808606FF41E
S315080073E080602168486100202063202084F83D00E1
S315080073F0002084F83E00206C40F00400206400BFA2
S31508007400002084F83C0000BF0120BDE8F081701C14
S31508007410C0B1FCF745FAC01BB04200D896B90020A7
S315080074202063202084F83D00002084F83E00206C6C
S3150800743040F02000206400BF002084F83C0000BF14
S315080074400120E2E7C5F3074001280AD12068406910
S31508007450A9B20840A9B2884201D101200BE0002058
S3150800746009E020688069A9B20840A9B2884201D11A
S31508007470012000E000200028A6D00020C5E770B54E
S3150800748004460D46164632E020684069C0F30010EF
S31508007490A0B16FF010002168486100202063202009
S315080074A084F83D00002084F83E00206C206400BF6C
S315080074B0002084F83C0000BF012070BDFCF7F0F9FD
S315080074C0801BA84200D895B900202063202084F8A4
S315080074D03D00002084F83E00206C40F02000206427
S315080074E000BF002084F83C0000BF0120E5E72068C3
S315080074F04069C0F380100028C6D00020DDE770B5CB
S3150800750004460D46164620E02046FFF7A5FD08B1BD
S31508007510012070BD681CC0B1FCF7C2F9801BA842E7
S3150800752000D895B900202063202084F83D0000206B
S3150800753084F83E00206C40F02000206400BF002044
S3150800754084F83C0000BF0120E3E720684069C0F3E7
S31508007550C0100028D8D00020DBE70000002800DA99
S3150800756000200249096848637047000078730020C4
S3150800757010B52DED088B0AF08FFFF9F791FDB7EEE0
S31508007580000A644880ED130A9FED630A80ED140A29
S315080075909FED610A80ED150A9FED5F0A80ED160AD8
S315080075A0B7EE000A80ED1A0A9FED5B0A80ED1B0A0A
S315080075B09FED590A80ED1C0A9FED570A80ED1D0ABA
S315080075C000F1180200F10C018430F9F7A9FA9FEDD1
S315080075D0532ADFED531A9FED501ADFED520A9FED3D
S315080075E0520A52480BF086FA5148FEF7C5FC0021AC
S315080075F04F48FFF739F84F48FCF708FD4E48FEF7A5
S3150800760009FD4E48FEF706FD00247CE0414890ED52
S31508007610000AB0EE408A90ED010AF0EE408A90ED3D
S31508007620020AB0EE409A18EE100AF9F767F841EC2C
S315080076301B0BB0EE4B0AF0EE6B0A06F041FBB0EE00
S3150800764040AAF0EE60AA9FED3E0B53EC102B51ECCE
S315080076501A0BF9F77FF832D218EE900AF9F74EF8B6
S3150800766041EC1B0BB0EE4B0AF0EE6B0A06F028FB5A
S31508007670B0EE40AAF0EE60AA9FED310B53EC102B4A
S3150800768051EC1A0BF9F766F819D219EE100AF9F740
S3150800769035F841EC1B0BB0EE4B0AF0EE6B0A06F020
S315080076A00FFBB0EE40AAF0EE60AA9FED250B53EC57
S315080076B0102B51EC1A0BF9F74DF800D223E09FED89
S315080076C0220AC8EE000A134890ED0A0A30EE800A2C
S315080076D080ED0A0ADFED1C0A88EEA00AD0ED0B0A37
S315080076E030EE200A80ED0B0A9FED170AC9EE000A54
S315080076F090ED0C0A30EE800A80ED0C0A641C01201D
S31508007700FBF792FF00BFB4F57A7FFFF67FAFBDECBB
S31508007710088B10BD84090020000000000080894500
S3150800772000A08C45CDCC4C3E0000C844280900205A
S3150800773078730020A4700020C0730020087400200D
S31508007740000000000000F03F00007A4410B52DED5F
S31508007750068B8B48FCF789FC8A4AA2F11801A1F12D
S315080077600C00F9F7ABFC87480C380AF0DBFE8548B5
S31508007770243890ED000A10EE101A0846F8F7BEFFF6
S3150800778041EC190B9FED800B53EC102BF8F76EFEAE
S3150800779041EC180BF8F7F6FF7A49243908600846D1
S315080077A090ED010A10EE101A0846F8F7A7FF41EC0B
S315080077B0190B9FED770B53EC102BF8F757FE41EC9E
S315080077C0180BF8F7DFFF6F4924394860084690ED33
S315080077D0020A10EE101A0846F8F790FF41EC190B4A
S315080077E09FED6D0B53EC102BF8F740FE41EC180B90
S315080077F0F8F7C8FF6349243988600846D0ED090AB6
S31508007800B0EE600A0AF004FA654890ED000A654889
S3150800781080ED000A644890ED000A614880ED000A90
S3150800782090ED000A6148D0ED000A20EE200A5D4876
S31508007830D0ED000A5D4890ED011A00EE810A514824
S315080078402438D0ED030A594890ED021A00EE810A51
S31508007850554880ED000A524890ED010A514880EDDE
S31508007860010A514890ED010A4D4880ED010A90ED54
S31508007870010A4E48D0ED000A20EE200A4948D0ED0C
S31508007880010A4A4890ED011A00EE810A3D4824385B
S31508007890D0ED040A454890ED021A00EE810A4248E6
S315080078A080ED010A3E4890ED020A3E4880ED020A44
S315080078B03D4890ED020A3A4880ED020A90ED020A28
S315080078C03A48D0ED000A20EE200A3648D0ED020AE2
S315080078D0364890ED011A00EE810A2A482438D0ED80
S315080078E0050A324890ED021A00EE810A2E4880ED0C
S315080078F0020AFAF795FE2E490968401A00EE100AA0
S31508007900B8EE400A10EE104A2046F8F7F7FE41ECAA
S315080079101A0B9FED280B53EC102BF8F7ADFD41EC35
S31508007920190BF8F72FFF08EE100A164B0C3B1E4AE8
S31508007930A3F11801B0EE480A01F18400F9F76EFACE
S3150800794041B21048243880F8A010FAF769FE1849A1
S3150800795008600C4B7833A3F10802111DA1F114003D
S3150800796009F03EF80BF062FA0648243890ED260A2C
S3150800797080ED290A0BF05AFABDEC068B10BD000003
S31508007980A4700020A8090020EE9053E0DD47743F5C
S31508007990E4232120E5DA76BFA5316EA0754766BFD8
S315080079A06C0900206009002078090020806B010816
S315080079B010000020FCA9F1D24D62503F30B50B46AD
S315080079C0002100BF16E00A24B4EB107F05D9302445
S315080079D004EB107403F8114005E0412404EB10741D
S315080079E00A3C03F81140000100254C00641C1D5593
S315080079F04C1CE1B29142E6DB30BD00000D49097826
S31508007A00A32916D101780C4A1170417851708178F2
S31508007A10C27841EA0221084A51800179427941EA4D
S31508007A200221054A91808179C27941EA0221024AF6
S31508007A30D1807047DC0D0020E80D00200EB540F21D
S31508007A4041102249086000208860C8600820086143
S31508007A50A3201F490870084600788DF804009DF891
S31508007A600400A32817D100208DF805008DF806001C
S31508007A708DF80700084600798DF808000846407911
S31508007A808DF80900084680798DF80A000846C079FD
S31508007A908DF80B0012E09DF8040094280ED1002002
S31508007AA08DF805008DF806008DF807008DF808009A
S31508007AB08DF809008DF80A008DF80B006B4601AAAF
S31508007AC002490448FAF723FE0EBD0000F40D002013
S31508007AD0DC0D0020846F00202DED0E8BAAB09FEDE3
S31508007AE0C90AB0EE408A00249FEDC62ADFEDC61A01
S31508007AF0B2EE041ADFEDC30AB0EE080A1CA80AF0B3
S31508007B00F9FF00BF05200AF03BFEC048807904282B
S31508007B1000D0F7E7042008F09DFDBC4890F8230044
S31508007B2001282FD11021684608F0CEFF3822694671
S31508007B300EA8F8F7D6FBB64890ED060A10EE101A0E
S31508007B400846F8F7DBFD41EC1D0B9DED141BB0EE66
S31508007B50410AF0EE610A53EC102BF8F78AFC41EC67
S31508007B601C0B81F0004141EC1B0B9FEDAA0B53EC5B
S31508007B70102BF8F781FC41EC1A0BF8F7A6FDA7497C
S31508007B80486006E0A14890F8230010B90020A349F0
S31508007B9048600421684608F097FF382269460EA80F
S31508007BA0F8F79FFB9A4890ED170A10EE101A084648
S31508007BB0F8F7A4FD41EC1D0B9DED141BB0EE410A30
S31508007BC0F0EE610A53EC102BF8F753FC41EC1C0B52
S31508007BD09FED930B53EC102BF8F748FC41EC1B0B6D
S31508007BE081F0004141EC1A0BF8F7CCFD08EE100ABB
S31508007BF0DFED8D0A78EE600AB0EE600A08F0F2FD55
S31508007C00B0EE40AA06F0CCF8B0EE409ADFED860A50
S31508007C1078EE600AB0EE600A08F0E4FDB0EE40AA1D
S31508007C2005F0A6FFF0EE408A7848D0ED020AB0EEDD
S31508007C30680A20EE800AD0ED030AF0EE409A49EE73
S31508007C40609A90ED020A60EE090A90ED031AB0EE0A
S31508007C50680AB0EE60EA01EE00EABDEEC80A10EE68
S31508007C60100A002801DB014600E04142B42291FBDC
S31508007C70F2F49FED6E0AB4EEC08AF1EE10FA19DD41
S31508007C8004F0010058B1601CB421484300EE100A04
S31508007C90B8EE400A38EE400AB0EE408A0AE0B4214F
S31508007CA004FB01F000EE100AB8EE400A38EE400A6E
S31508007CB0B0EE408A9FED5E0AB4EEC08AF1EE10FA85
S31508007CC019D204F0010058B1601CB421484300EEF3
S31508007CD0100AB8EE400A30EE080AB0EE408A0AE00A
S31508007CE0B42104FB01F000EE100AB8EE400A30EEAB
S31508007CF0080AB0EE408A18EE100AF8F7FFFC41ECC5
S31508007D001B0BB0EE4B0AF0EE6B0A05F0D9FFB0EE8E
S31508007D1040AAF0EE60AA9FED470B53EC102B51ECEE
S31508007D201A0BF8F717FD0DD2B0EE480A08F05AFDFF
S31508007D30B0EE40AADFED330A1CA80AF0D3FDF0EE38
S31508007D4040EA03E09FED2F0AF0EE40EA2F4890ED57
S31508007D50060A10EE101A0846F8F7D0FC41EC1B0B81
S31508007D60B0EE4B0AF0EE6B0A05F0AAFFB0EE40AA99
S31508007D70F0EE60AA9FED310B53EC102B51EC1A0B69
S31508007D80F8F7E8FC0AD2224890ED140A1F48D0ED0D
S31508007D90060A30EE200A1E4880ED140A1B4890EDAC
S31508007DA0050A10EE101A0846F8F7A8FC41EC1B0B5A
S31508007DB0B0EE4B0AF0EE6B0A05F082FFB0EE40AA71
S31508007DC0F0EE60AA9FED1D0B53EC102B51EC1A0B2D
S31508007DD0F8F7C0FC0AD20E4890ED010A0B48D0ED20
S31508007DE0050A30EE600A0A4880ED010A1548C0ED1A
S31508007DF0009A80ED01EAC0ED02EA042008F0A2FA32
S31508007E0080E600000000000000004842541A0020E6
S31508007E10401600200000000000005940DC0D00203C
S31508007E200000000000804640000034420000344351
S31508007E30000034C300000040E17A843F00000000DF
S31508007E4000000000EC1400202DE9F04F0C4609ADA7
S31508007E5095E8E010DDE90D89002106E014F801A097
S31508007E60C1F1020B00F80BA0491C032904DA14F827
S31508007E7001A0BAF1000FF1D190F803A062F3020A4B
S31508007E8080F803A0B0F803A063F3891AA0F803A04A
S31508007E9090F804A065F3850A80F804A0B0F807A056
S31508007EA066F3090AA0F807A0B0F808A067F38C0AD9
S31508007EB0A0F808A0B0F809A06CF34F1AA0F809A01A
S31508007EC0B0F80CA068F38C0AA0F80CA0B0F80DA0C6
S31508007ED069F34F1AA0F80DA0BDE8F08F2DED0A8BB7
S31508007EE0AAB09FEDB80AB0EE408A00BF00BF0024D2
S31508007EF09FEDB42ADFEDB41AB2EE041ADFEDB10A2B
S31508007F00B0EE000A1CA80AF0F5FD00BF05200AF02D
S31508007F1037FCAE488079022800D0F7E7042008F03D
S31508007F2099FB102008F096FBA84890F82300012832
S31508007F302FD11021684608F0C7FD382269460EA8D9
S31508007F40F8F7CFF9A24890ED060A10EE101A08467F
S31508007F50F8F7D4FB41EC1C0B9DED141BB0EE410A5F
S31508007F60F0EE610A53EC102BF8F783FA41EC1B0B81
S31508007F7081F0004141EC1A0B9FED960B53EC102B48
S31508007F80F8F77AFA41EC190BF8F79FFB9349486022
S31508007F9006E08E4890F8230010B900208F49486003
S31508007FA00421684608F090FD382269460EA8F8F7BD
S31508007FB098F9874890ED170A10EE101A0846F8F750
S31508007FC09DFB41EC1B0B9DED141BB0EE410AF0EE38
S31508007FD0610A53EC102BF8F74CFA41EC1A0B81F0B6
S31508007FE0004141EC190BF8F7CDFB08EE100A9FED9E
S31508007FF0750AB0EE408AB0EE480A08F0F3FBF0EED8
S31508008000408A05F0CDFEB0EE480A08F0EBFBF0EE2C
S31508008010408A05F0ADFD00BF00BFBDEEC80A10EEF0
S31508008020100A002801DB014600E04142B42291FB18
S31508008030F2F49FED6B0AB4EEC08AF1EE10FA19DD80
S3150800804004F0010058B1601CB421484300EE100A40
S31508008050B8EE400A38EE400AB0EE408A0AE0B4218B
S3150800806004FB01F000EE100AB8EE400A38EE400AAA
S31508008070B0EE408A9FED5B0AB4EEC08AF1EE10FAC4
S3150800808019D204F0010058B1601CB421484300EE2F
S31508008090100AB8EE400A30EE080AB0EE408A0AE046
S315080080A0B42104FB01F000EE100AB8EE400A30EEE7
S315080080B0080AB0EE408A18EE100AF8F71FFB41ECE2
S315080080C01A0BB0EE4A0AF0EE6A0A05F0F9FDB0EEB0
S315080080D0409AF0EE609A9FED440B53EC102B51EC4E
S315080080E0190BF8F737FB0BD2B0EE480A08F07AFB03
S315080080F0F0EE408ADFED330A1CA80AF0F3FB00E035
S3150800810000BF324890ED060A10EE101A0846F8F736
S31508008110F5FA41EC1A0BB0EE4A0AF0EE6A0A05F0D7
S31508008120CFFDB0EE409AF0EE609A9FED310B53EC1E
S31508008130102B51EC190BF8F70DFB0AD2244890EDD9
S31508008140140A2248D0ED060A30EE200A204880EDAF
S31508008150140A1E4890ED050A10EE101A0846F8F79C
S31508008160CDFA41EC1A0BB0EE4A0AF0EE6A0A05F0AF
S31508008170A7FDB0EE409AF0EE609A9FED1D0B53EC0A
S31508008180102B51EC190BF8F7E5FA0AD2104890EDC6
S31508008190010A0E48D0ED050A30EE600A0C4880ED5B
S315080081A0010A9FED080A144880ED000A9FED050AAA
S315080081B080ED010A9FED030A80ED020A022008F00D
S315080081C0C1F8A3E60000000000004842541A002047
S315080081D0401600200000000000005940DC0D002079
S315080081E000003443000034C30000000000002440AF
S315080081F00000000000000000EC14002000BF0A2068
S315080082000AF0BEFA1548807900B1F8E79FED140A1E
S31508008210144880ED000A9FED120A80ED010A9FEDD1
S31508008220100A80ED020A9FED0E0A0C4880ED050A39
S315080082309FED0B0A80ED060A9FED090A80ED020AFA
S315080082409FED070A80ED030A9FED050A80ED040AF3
S31508008250002180F820108177C177D0E7541A0020D2
S3150800826000000000EC14002010B50E480E49086006
S315080082700320486000210C488160C1604FF410213A
S3150800828001614FF400114161002101764176817642
S31508008290C17601774177FAF75CFD08B1F9F7B6FEC2
S315080082A010BD000000640040846F002010B50E4821
S315080082B00E4908600320486000210C488160C160AF
S315080082C04FF4102101614FF400114161002101763C
S315080082D041768176C17601774177FAF73AFD08B19A
S315080082E0F9F794FE10BD000000680040AC6F00204E
S315080082F010B50548054908600846FAF720FF08B191
S31508008300F9F784FE10BD000000300240E4020020A8
S3150800831008B500BF002000902A48006840F4001005
S31508008320284908600846006800F40010009000BF5D
S3150800833000BF00BF002000900846006840F4800097
S3150800834008600846006800F48000009000BF00BF7F
S31508008350002205210C20FBF74DFF0C20FBF73AFF06
S31508008360002205213820FBF745FF3820FBF732FFAE
S31508008370002205213A20FBF73DFF3A20FBF72AFFAA
S31508008380002205213B20FBF735FF3B20FBF722FFA8
S31508008390002205214420FBF72DFF4420FBF71AFF96
S315080083A0002205214520FBF725FF4520FBF712FF94
S315080083B0002205214620FBF71DFF4620FBF70AFF92
S315080083C008BD00003038024010B5314A0021314856
S315080083D00AF02CFA30490860304A002130480AF081
S315080083E025FA30490860304A002130480AF01EFA5A
S315080083F02F4908602F4A00212F480AF017FA2F49FB
S3150800840008602F4A00212F480AF010FA2E49086002
S315080084102E4A00212E480AF009FA2E4908602E4AEB
S3150800842000212E480AF002FA2D4908602D4A00213B
S315080084302D480AF0FBF92D4908602D4A00212D48E0
S315080084400AF0F4F92C4908602C4A00212C480AF055
S31508008450EDF92C4908602C4A00212C480AF0E6F967
S315080084602B4908602B4A00212B480AF0DFF92B49D3
S3150800847008602B4A00212B480AF0D8F92A490860D7
S315080084802A4A00212A480AF0D1F92A49086010BD6B
S31508008490AC6E0108A9210008EC020020D06E010884
S315080084A0A9140008F0020020F46E0108CD94000813
S315080084B0F4020020186F010879180008F802002055
S315080084C03C6F010829260008FC020020606F01089D
S315080084D0518E000800030020846F0108FF1F000862
S315080084E004030020A86F0108A993000808030020C8
S315080084F0CC6F0108E52100080C030020F06F010885
S31508008500B99700081003002014700108FD810008BF
S3150800851014030020387001089593000818030020FA
S315080085205C700108DD7E00081C03002080700108CD
S31508008530D97A00082003002000B587B0142102A8C4
S31508008540F7F7E8FE00BF002001908F48006840F06A
S3150800855002008D4908600846006800F00200019094
S3150800856000BF00BF00BF002001900846006840F029
S31508008570400008600846006800F04000019000BF0F
S3150800858000BF00BF002001900846006840F00800C0
S3150800859008600846006800F00800019000BF00BFA8
S315080085A000BF002001900846006840F004000860FB
S315080085B00846006800F00400019000BF00BF00BF35
S315080085C0002001900846006840F00100086008464F
S315080085D0006800F00100019000BF00BF00BF002046
S315080085E001900846006840F48070086008460068F4
S315080085F000F48070019000BF00BF00BF002001900A
S315080086000846006840F0200008600846006800F048
S315080086102000019000BF00BF00BF0020019008465F
S31508008620006840F0800008600846006800F0800096
S31508008630019000BF00BF00BF0020019008460068F7
S3150800864040F0100008600846006800F0100001902D
S3150800865000BF00BF002289154C48FBF71BF9002212
S3150800866040214B48FBF716F9012210214948FBF730
S3150800867011F900224FF480514748FBF70BF9012204
S3150800868011464548FBF706F9802002904FF48810FA
S3150800869003900220049002A94048FBF701F8402005
S315080086A0029000200390049002A93C48FAF7F8FFCC
S315080086B04FF48070029001200390049000200590EA
S315080086C002A93248FAF7ECFF4020029001200390F5
S315080086D000200490059002A92D48FAF7E1FF08202A
S315080086E002904FF4041003900120049002A9284830
S315080086F0FAF7D6FF012002904FF488100390022063
S31508008700049002A92348FAF7CBFF10200290012013
S31508008710039004900320059002A91E48FAF7C0FFAB
S31508008720302002904FF4881003900120049002A98B
S315080087301648FAF7B5FF4FF48050029001200390CF
S3150800874000200490059002A91348FAF7A9FF012012
S315080087500290039004900320059002A90E48FAF7A8
S315080087609FFF002205210620FBF744FD0620FBF7A4
S3150800877031FD002205211720FBF73CFD1720FBF7EA
S3150800878029FD07B000BD000030380240000802404D
S315080087900018024000000240000402400020024087
S315080087A010B50B480B4908600B484860002109487A
S315080087B08160C1604FF4804101610021416181619E
S315080087C0C1610162FBF772F808B1F9F71FFC10BD29
S315080087D000580040FC6F0020801A060010B50B48B0
S315080087E00B4908600B484860002109488160C16050
S315080087F04FF480410161002141618161C1610162DB
S31508008800FBF754F808B1F9F701FC10BD005C00400D
S3150800881050700020801A060010B5074807490860FE
S315080088200120486040F6FF7104488160FBF7EEFBC3
S3150800883008B1F9F7EBFB10BD00300040A47000202A
S3150800884010B50F480F4908604FF482704860002140
S315080088500C488160C1600221016101214161490220
S3150800886081611021C16100210162416281620A2190
S31508008870C162FCF7AFFF08B1F9F7C8FB10BD0000ED
S3150800888000300140B070002000B587B01C21684652
S31508008890F7F740FD15481649086000204860002192
S315080088A01348816041F28731C1600021016181610D
S315080088B0FDF74CFA08B1F9F7A9FB0D48FDF79FFE3D
S315080088C008B1F9F7A3FB6020009000200190029000
S315080088D00490002269460648FDF70FFE08B1F9F72D
S315080088E095FB0348FDF73CFD07B000BD0044014079
S315080088F07873002010B50A480A49086040F24730E4
S3150800890048600021074881606321C1600021016138
S3150800891080218161FDF71AFA08B1F9F777FB10BDD6
S31508008920001C0040C073002010B50B480B490860B6
S3150800893040F24730486000210848816040F2F31150
S31508008940C1600021016180218161FDF7FFF908B14D
S31508008950F9F75CFB10BD00000020004008740020F9
S3150800896000B595B0002011901290139014900F90B6
S3150800897010901C2108A8F7F7CDFC20216846F7F7C8
S31508008980C9FC3B483B490860A72048600021394894
S31508008990816044F61F61C160002101614161802147
S315080089A08161FDF7D3F908B1F9F730FB4FF4805030
S315080089B0119011A92F48FDF781FB08B1F9F726FB9D
S315080089C02C48FDF71CFE08B1F9F720FB00200F9094
S315080089D010900FA92748FDF75FF908B1F9F716FBBC
S315080089E0602008904FF4FA60099000200A900B90D6
S315080089F00C900D900E90002208A91E48FDF77DFDEB
S31508008A0008B1F9F703FB042208A91A48FDF775FD12
S31508008A1008B1F9F7FBFA40F23B400990082208A989
S31508008A201448FDF76AFD08B1F9F7F0FA4FF4FA6051
S31508008A3009900C2208A90F48FDF75FFD08B1F9F760
S31508008A40E5FA0020009001900290039004904FF4FC
S31508008A50005005900020079069460648FDF7E1F8A2
S31508008A6008B1F9F7D3FA0348FDF77AFC15B000BD4B
S31508008A70000001401072002000B58DB0002009905A
S31508008A800A900B900C90079008901C216846F7F7FF
S31508008A9041FC2048204908600020486000211E4803
S31508008AA081604FF6FF71C160002101618161FDF7A8
S31508008AB04DF908B1F9F7AAFA4FF48050099009A9B7
S31508008AC01548FDF7FBFA08B1F9F7A0FA1248FDF7C1
S31508008AD096FD08B1F9F79AFA00200790089007A9B9
S31508008AE00D48FDF7D9F808B1F9F790FA602000901B
S31508008AF00020019002900490082269460648FDF776
S31508008B00FCFC08B1F9F782FA0348FDF729FC0DB019
S31508008B1000BD0000000800405872002000B58DB066
S31508008B20002009900A900B900C90079008901C2141
S31508008B306846F7F7EFFB294829490860002048608E
S31508008B400021274881604FF6FF71C160002101614D
S31508008B508161FDF7FBF808B1F9F758FA4FF4805030
S31508008B60099009A91E48FDF7A9FA08B1F9F74EFABE
S31508008B701B48FDF744FD08B1F9F748FA00200790AD
S31508008B80089007A91648FDF787F808B1F9F73EFADD
S31508008B906020009042F2107001900020029004902C
S31508008BA0002269460E48FDF7A8FC08B1F9F72EFA27
S31508008BB0042269460A48FDF7A0FC08B1F9F726FA27
S31508008BC0082269460648FDF798FC08B1F9F71EFA27
S31508008BD00348FDF7C5FB0DB000BD0000000C0040C2
S31508008BE0A07200201CB50020009001900E480F4985
S31508008BF008600020486000210C4881604FF6FF712C
S31508008C00C16000218161FDF7A1F808B1F9F7FEF905
S31508008C1000200090019069460448FDF73DF808B128
S31508008C20F9F7F4F91CBD000000100040E8720020B6
S31508008C3000B595B0002011901290139014900F90E3
S31508008C4010901C2108A8F7F765FB20216846F7F75E
S31508008C5061FB2C482C490860A720486000212A4857
S31508008C60816044F61F61C160002101614161802174
S31508008C708161FDF76BF808B1F9F7C8F94FF4805030
S31508008C80119011A92048FDF719FA08B1F9F7BEF9AC
S31508008C901D48FDF7B4FC08B1F9F7B8F900200F90A4
S31508008CA010900FA91848FCF7F7FF08B1F9F7AEF9C5
S31508008CB0602008904FF4FA60099000200A900B9003
S31508008CC00C900D900E90002208A90F48FDF715FC90
S31508008CD008B1F9F79BF900200090019002900390E3
S31508008CE004904FF400500590002007906946064806
S31508008CF0FCF797FF08B1F9F789F90348FDF730FB48
S31508008D0015B000BD000401403073002010B50A48B4
S31508008D100A4908600A484860002108488160C1601D
S31508008D2001610C21416100218161C161FDF7EEFEFF
S31508008D3008B1F9F76BF910BD001001405074002016
S31508008D40B0AA0E0010B50A480A4908600A484860E1
S31508008D50002108488160C16001610C214161002140
S31508008D608161C161FDF7D2FE08B1F9F74FF910BD6F
S31508008D700048004094740020A086010010B50B48F6
S31508008D800B4908604FF4E1304860002108488160CB
S31508008D90C16001610C21416100218161C161FDF75A
S31508008DA0B5FE08B1F9F732F910BD0000001401400C
S31508008DB0D874002010B500220D490E4802F05FFD58
S31508008DC008B1F9F723F90C490A4803F08DF808B1F8
S31508008DD0F9F71CF90949074802F068F908B1F9F7E3
S31508008DE015F9044803F082F908B1F9F70FF910BD2F
S31508008DF03C030020FC760020E00100202803002028
S31508008E0000BFFEE701B56946087800024B7840EADC
S31508008E1003408B7840EA0362D01702EB1060001219
S31508008E2008BD30B5024613460024002003E01D5C49
S31508008E302544ECB2401C4D1E8542F8D8481E185CE5
S31508008E40A04201D1012030BD0020FCE77047000098
S31508008E50A0B000BFAA202249087007F05DFE64286A
S31508008E6003DD01201E49487502E000201C494875AB
S31508008E70B2EE0F0A10EE100A1949C1F80D009FED5F
S31508008E80190A10EE100AC1F809000320C1F81100EA
S31508008E901548D0ED260AB0EE600A0AF0A1FE10EEDB
S31508008EA0100A0F49C1F801000F48D0ED250AB0EEA7
S31508008EB0600A0AF095FE10EE100A0949C1F8050085
S31508008EC0BB20C87720226946054807F09BFC20216D
S31508008ED0684604F0BDFB022009F052FCBAE7000020
S31508008EE04811002000000000840900202DE9F04107
S31508008EF005460E46002700242E483146C2692846F4
S31508008F00904707462B48047A012F3ED104EB4400CC
S31508008F10294901F82040274890ED040A04EB44004B
S31508008F2001EB800080ED010A2248007D04EB440134
S31508008F30214A02EB810108721E48C08A04EB4401EB
S31508008F4002EB8101488104EB4400114601EB8000E5
S31508008F50408940F6B831884217DD184890ED000A76
S31508008F60B8EEC00A04EB4400114601EB8000D0EDD0
S31508008F70010A30EE200ABDEEC00A104880ED000A4C
S31508008F800F480068401C0E4908600D4800680A280A
S31508008F900DD10A4890ED000AB8EEC00AF2EE040AAE
S31508008FA080EE201A80ED011A002005490860BDE808
S31508008FB0F08100009C01002050260020BC01002002
S31508008FC0C401002010B50248FBF744FB10BD0000A1
S31508008FD0D88900202DE9F04704460D46266837460D
S31508008FE0D6F8408007F5306000EB4510D0F80890B9
S31508008FF0104880450BD909F40040B0F5004F06D15A
S315080090004FF4004107F5306000EB451081602046BB
S31508009010FBF7E7FF0748804508D92069012805D1ED
S3150800902004F2C4420121206803F0F6FD0020BDE8E1
S31508009030F08700000A30544F2DE9F04705460C46E4
S31508009040D5F800904E46D9F840A006F5306000EBFA
S315080090504410D0F808802869012855D108F008007E
S3150800906008280FD1434882450BD908F40040B0F5CB
S31508009070004F7BD14FF4004106F5306000EB4410F9
S31508009080816073E008F02000202806D1202106F52B
S31508009090306000EB4410816068E008F02800002882
S315080090A064D1344882450CD908F40040B0F5004F25
S315080090B007D14FF4004106F5306000EB441081609B
S315080090C054E004EBC40105F51F7000EB810706F5B3
S315080090D0306000EB4410F9690069C0F31200081A01
S315080090E0386264B9B86930B905F2C4420121286802
S315080090F003F092FD03E0396A386908443861E1B241
S315080091002846FBF70DF931E01B4882451BD108F4C8
S315080091100040B0F5004F07D14FF4004106F5306026
S3150800912000EB4410816021E008F02000202805D1DA
S31508009130202106F5306000EB44108160E1B2284634
S31508009140FBF7EEF812E06CB904EBC40105F51F70E5
S3150800915000EB8100806928B905F2C442002128681D
S3150800916003F05AFDE1B22846FBF7DAF80020BDE81D
S31508009170F08700000A30544F0A31544F2DE9F84F52
S3150800918007460E46D7F80090C84606EBC60107F113
S315080091903C0000EB8104A169206A884202D90120BB
S315080091A0BDE8F88F216AA069451AE068A84200D28E
S315080091B0E568E81C4FEA900A17E0216AA069451A93
S315080091C0E068A84200D2E568E81C4FEA900A387CB5
S315080091D0ABB2F2B200904846216904F0AFF92069B3
S315080091E028442061206A2844206208F5106000EBB4
S315080091F04610806980B2504506D3A169206A884224
S3150800920002D2A0690028D8D1216AA06988420ED85E
S3150800921006F00F01012000FA01FB40F6340050F871
S31508009220080020EA0B0040F6340141F80800002047
S31508009230B6E7000010B51148FCF79EFE1048FCF78B
S315080092409BFE00210D48FDF70FFA04210B48FDF798
S315080092500BFA08210948FDF707FA0C210748FDF71C
S3150800926003FA00210648FDF7FFF904210448FDF733
S31508009270FBF908210248FDF7F7F910BD1072002026
S315080092803073002030B52DED048B89B0B0EE408ADE
S31508009290F0EE608A00200790089018EE104A2046E3
S315080092A0F7F72CFA41EC190B8DED009B0EA206215F
S315080092B007A804F0D5F9054607A840F216315A2240
S315080092C00223CDE90332CDE9051006201221CDE9A6
S315080092D000010523022206A102900648F8F7ECF9D8
S315080092E009B0BDEC048B30BD20256C66000000007B
S315080092F030313700B212002010B5234B1B685B696A
S3150800930043F04003204C246863611F4B1B68DB68ED
S3150800931043F010031C4C2468E3601C4B1B681B6855
S3150800932023F00103194C2468236007E0174B1B68D8
S315080093301B6823F00103154C24682360134B1B6834
S315080093401B6803F00103002BF0D1114B0F4C246866
S31508009350A3600E4B1B68D8600C4B1B6819610B4B3E
S315080093601B685A60094B1B681B6843F48023074C2B
S3150800937024682360054B1B681B6843F00103034CF4
S315080093802468236010BD000094740020DC7500205A
S315080093900448004000BFF8F7FFF806F09DF90120E1
S315080093A009F0EEF9F7E700002DED048B00BF0AF08F
S315080093B07FFE00F093F8F8F765F906F0A3FB394944
S315080093C0887906F0BFFF384890ED3E1BB0EE410A9B
S315080093D0F0EE610A9FED351B53EC112B51EC100B87
S315080093E0F7F744F841EC190BF7F7CCF908EE100A31
S315080093F0B0EE480AF8F748FA06F070FBB0EE408A75
S3150800940000F00AFB274991F824000BF093FF29493D
S3150800941091ED060ABDEEC00A10EE101A08B20BF05E
S3150800942003FE204991F82000FDF7D0FD224890ED73
S31508009430261AF0EE410A90ED251ADFED201A21EEE4
S31508009440211AB0EE410AFFF71DFF1D48D0ED010AAB
S31508009450B0EE600AF8F78CFD1648D0ED131A9FEDAA
S31508009460192A71EEC21AB0EE611AD0ED121A9FEDE2
S31508009470152A71EEC21AF0EE610AD0ED111A9FEDA7
S31508009480122A71EEC21AB7EE002A61EE821AB0EEFF
S31508009490610A00F0FDF801F031FA052009F070F9CB
S315080094A085E70000541A0020A003002000000000F1
S315080094B000002F40E0250020840900203333654250
S315080094C05026002000A0A54500609F4500BF0AF071
S315080094D00BFE012009F054F9F9E700001148D0F80D
S315080094E00300114908600F48807808710F48C08941
S315080094F008810F48C08848810D48008988810B4833
S315080095000088C88109484088088208480089488236
S3150800951006484068486106484089088305484088E7
S3150800952048837047390100207C1A0020D01A002091
S31508009530C31A0020400100207CB504460D46164695
S31508009540164800681821B0FBF1F01549B0FBF1F098
S315080095504FF47A71484301906068B0F5827F0DD167
S315080095602B46002280212046009600F01BF898B171
S31508009570606D40F02000606503207CBD00BF019847
S3150800958000B908E00198401E019020688068C0F381
S31508009590C0100028F3D100BF0020EEE72403002006
S315080095A040420F002DE9F84F04460D4690461E46E8
S315080095B0DDF82890FAF774F9A0EB0900371AFAF7DC
S315080095C06FF982462C480068C0F3CB307843009088
S315080095D045E0701C002842D0FAF762F9A0EB0A00B1
S315080095E0B84200D2A7BB2068406820F0E000216896
S315080095F048606068B0F5827F0DD1A068B0F5004F6D
S3150800960003D0A068B0F5806F05D12068006820F007
S31508009610400021680860A06AB0F5005F0DD100BF60
S315080096202068006820F400502168086020680068F7
S3150800963040F400502168086000BF012084F85100FA
S3150800964000BF002084F8500000BF0320BDE8F88F53
S31508009650FFE7009800B900270098401E0090206890
S3150800966080682840A84201D1012000E0002040453A
S31508009670AFD10020EAE700002403002030B50146F8
S315080096800A461378521C147843EA042030BD0000B9
S315080096902DE9F0432DED068B8DB0B0EE408AF0EE45
S315080096A0608AB0EE419A00200B900C9009900A90BF
S315080096B00790089018EE104A18EE905A19EE106A9C
S315080096C02046F7F71BF841EC1A0B8DED00AB32A2DA
S315080096D006210BA803F0C4FF07462846F7F70EF83D
S315080096E041EC1A0B8DED00AB2BA2062109A803F05D
S315080096F0B7FF80463046F7F701F841EC1A0B8DEDB7
S3150800970000AB25A2062107A803F0AAFF81460BA8ED
S3150800971040F2DA215A220223CDE90332CDE90510B7
S315080097200620122103220523CDE9002102900222F8
S315080097301BA11C48F7F7C0FF09A84FF42F715A223E
S315080097400223CDE90332CDE90510062012210322B2
S315080097500523CDE900210290022213A11348F7F749
S31508009760ABFF07A840F29E215A220223CDE9033215
S31508009770CDE905100620122103220523CDE9002193
S31508009780029002220AA10B48F7F796FF0DB0BDEC2E
S31508009790068BBDE8F083000020256C6600000000FB
S315080097A030333300FC1300203033340029140020F2
S315080097B030333500561400202DED0E8B9CB000BFBB
S315080097C0052008F0DDFF8B488079032800D0F7E7ED
S315080097D0042006F03FFF102006F03CFF854890F86D
S315080097E0230001282FD11021684607F06DF9382289
S315080097F069460EA8F6F775FD7F4890ED060A10EE45
S31508009800101A0846F6F77AFF41EC1D0B9DED141B5E
S31508009810B0EE410AF0EE610A53EC102BF6F729FE7A
S3150800982041EC1C0B81F0004141EC1B0B9FED730BC7
S3150800983053EC102BF6F720FE41EC1A0BF6F745FF12
S315080098407049486006E06B4890F8230010B900207C
S315080098506C4948600421684607F036F9382269469B
S315080098600EA8F6F73EFD644890ED170A10EE101A9A
S315080098700846F6F743FF41EC1B0B9DED141BB0EEB3
S31508009880410AF0EE610A53EC102BF6F7F2FD41ECB3
S315080098901A0B9FED5D0B53EC102BF6F7E7FD41EC29
S315080098A01C0B81F0004141EC1D0BF6F76BFF0EEE29
S315080098B0900AB0EE6E0A06F095FFB0EE40AA04F0E4
S315080098C06FFAF0EE408AB0EE6E0A06F08BFFB0EE45
S315080098D040AA04F04DF9B0EE408A4648D0ED020A97
S315080098E0B0EE480A20EE800AD0ED030AB0EE409AA0
S315080098F008EEE09A90ED020A60EE280A90ED031A47
S31508009900B0EE480AF0EE609A41EE009AC079012856
S3150800991004D1B0EE000AB0EE40EA03E0B7EE080A5A
S31508009920B0EE40EA3A48C07A022807D13848807A29
S31508009930032803D1B1EE4E0AB0EE40EA2D4890ED69
S31508009940060A10EE101A0846F6F7D8FE41EC1B0B6D
S31508009950B0EE4B0AF0EE6B0A04F0B2F9B0EE40AA8C
S31508009960F0EE60AA9FED280B53EC102B51EC1A0B66
S31508009970F6F7F0FE0AD2204890ED140A1D48D0EDFD
S31508009980060A30EE200A1C4880ED140A194890EDA4
S31508009990050A10EE101A0846F6F7B0FE41EC1B0B46
S315080099A0B0EE4B0AF0EE6B0A04F08AF9B0EE40AA64
S315080099B0F0EE60AA9FED140B53EC102B51EC1A0B2A
S315080099C0F6F7C8FE0AD20C4890ED010A0948D0ED10
S315080099D0050A30EE600A084880ED010A0D4880ED58
S315080099E0009AC0ED019A80ED02EA032006F0AAFC6F
S315080099F0E6E60000541A0020401600200000000089
S31508009A0000005940DC0D00200000000000000000A6
S31508009A10A0080020EC140020F0B52DED048B89B0C9
S31508009A20B0EE408A00200790089018EE105A284693
S31508009A30F6F764FE41EC190B8DED009B34A2062166
S31508009A4007A803F00DFE0746B2EE0A0AB4EEC08A6E
S31508009A50F1EE10FA0ADDB3EE010AB4EEC08AF1EEB1
S31508009A6010FA01DD012402E0022400E00324A642E4
S31508009A7049D0012C04D0022C17D0032C41D12AE05E
S31508009A8007A8EA214FF496620223CDE90332CDE90D
S31508009A90051006201221CDE9003102900523022285
S31508009AA01CA11D48F7F708FE2CE007A8EA214FF489
S31508009AB096620223CDE90332CDE90510062012216C
S31508009AC001220523CDE900210290022211A11248A4
S31508009AD0F7F7F2FD16E007A8EA214FF4966202238B
S31508009AE0CDE90332CDE9051006201221032205230C
S31508009AF0CDE900210290022206A10748F7F7DCFD0E
S31508009B0000E000BF00BF264609B0BDEC048BF0BDDF
S31508009B10256C6600303135005812002010B54FF01C
S31508009B20E02000690CF020FC012801D00CF06AF84E
S31508009B3010BD000000B593B0302107A8F6F7EAFB80
S31508009B40142102A8F6F7E6FB00BF0020019025487D
S31508009B50006840F08050234908600846006800F015
S31508009B608050019000BF00BF00BF002001901E4832
S31508009B70006840F480401C4908600846006800F404
S31508009B808040019000BF00BF092007904FF4803045
S31508009B90089001200C9002200D9041050E91062197
S31508009BA00F91A8211091022111910721129107A85E
S31508009BB0FBF7C2FB08B1F8F729FA0F20029002203A
S31508009BC00390002004904FF4A05005904FF4805065
S31508009BD00690052102A8FBF74DFA08B1F8F716FA20
S31508009BE013B000BD403802400070004014480068B9
S31508009BF040F47000124908601248006840F00100FD
S31508009C001049086000200F49083108600D480068AF
S31508009C100D4908400B4908600C48091D0860081FD3
S31508009C20006820F48020091F0860002005490C31CF
S31508009C3008604FF0006002498039086070470000EC
S31508009C4088ED00E000380240FFFFF6FE10300024E1
S31508009C5010B50248FCF7B9FA10BD0000C87100201B
S31508009C6010B50348FCF7B1FA0248FCF7AEFA10BD86
S31508009C70307300200874002010B50348FCF7A5FAD5
S31508009C800248FCF7A2FA10BD30730020C07300200A
S31508009C9010B50268294B98420ED0B0F1804F0BD010
S31508009CA0274B984208D0274B984205D0264B984216
S31508009CB002D0264B984203D122F070024B681A4311
S31508009CC01E4B984220D0B0F1804F1DD01C4B9842B5
S31508009CD01AD01C4B984217D01B4B984214D01B4BDA
S31508009CE0984211D01A4B98420ED01A4B98420BD074
S31508009CF0194B984208D0194B984205D0184B9842F0
S31508009D0002D0184B984203D122F44072CB681A430A
S31508009D1022F080034C6943EA040202608B68C3623E
S31508009D200B688362054B984202D0084B984201D1D2
S31508009D300B6903630123436110BD00000000014065
S31508009D400004004000080040000C004000040140E8
S31508009D50004001400044014000480140001800400E
S31508009D60001C00400020004030B501F01F0501240A
S31508009D7004FA05F3046A9C430462046A01F01F05A9
S31508009D8002FA05F52C43046230BD30B50C468168ED
S31508009D9021F47F4142EA032525432943816030BDEA
S31508009DA00A46816821F0700142F007031943816071
S31508009DB07047000030B5056A25F001050562026A9C
S31508009DC04368846924F0700424F003040D682C4366
S31508009DD022F002028D682A43104DA84200D103E002
S31508009DE00F4DA84206D100BF22F00802CD682A43CB
S31508009DF022F00402094DA84202D0094DA84207D113
S31508009E0023F4807323F400734D692B438D692B4328
S31508009E10436084614D684563026230BD00000140BD
S31508009E200004014030B5056A25F010050562026A8E
S31508009E304368846924F4E04424F440740D6844EAD1
S31508009E40052422F020028D6842EA0512124DA84226
S31508009E5000D103E0114DA84207D100BF22F08002CD
S31508009E60CD6842EA051222F040020B4DA84202D004
S31508009E700A4DA84209D123F4806323F400634D698F
S31508009E8043EA85038D6943EA8503436084614D6827
S31508009E908563026230BD00000000014000040140F5
S31508009EA030B5056A25F480750562026A4368C46997
S31508009EB024F0700424F003040D682C4322F4007285
S31508009EC08D6842EA0522124DA84200D103E0114DE1
S31508009ED0A84207D100BF22F40062CD6842EA0522F3
S31508009EE022F480620A4DA84202D00A4DA84209D13E
S31508009EF023F4805323F400534D6943EA05138D690F
S31508009F0043EA05134360C4614D68C563026230BD08
S31508009F10000001400004014030B5056A25F480556B
S31508009F200562036A4468C26922F4E04222F4407278
S31508009F300D6842EA052223F400538D6843EA053387
S31508009F40084DA84202D0084DA84204D124F4804402
S31508009F504D6944EA85144460C2614D68056403622C
S31508009F6030BD0000000001400004014030B50B463A
S31508009F701446026A056A25F001050562816921F021
S31508009F80F00141EA041122F00A021A4381610262D1
S31508009F9030BD30B50B461446056A25F01005056236
S31508009FA08169026A21F4704141EA043122F0A00273
S31508009FB042EA03128161026230BD70B50546AC6B98
S31508009FC00020E085E0842046FCF72FFC70BD70B5C4
S31508009FD006460025B46B20684069C0F3C01594F89E
S31508009FE03D00212805D125B10020E084204600F057
S31508009FF01FF920684069C0F3801594F83E002228AE
S3150800A00005D125B10020E085204600F0CBF8206C6C
S3150800A01040F0100020642046FCF707FC70BD70B5C0
S3150800A0200546AC6B2868006800F48070002842D1A9
S3150800A030E08500BF00BF21680C3151E8001F21F4FC
S3150800A040807021680C3141E80002002AF3D100BF74
S3150800A05000BF00BF2168143151E8001F21F001003C
S3150800A0602168143141E80002002AF3D100BF00BF7D
S3150800A07000BF2168143151E8001F21F04000216813
S3150800A080143141E80002002AF3D100BF202084F8E9
S3150800A0903E00206B01280ED100BF00BF21680C319D
S3150800A0A051E8001F21F0100021680C3141E8000238
S3150800A0B0002AF3D100BF206B012804D1A18D2046C8
S3150800A0C0FCF76DFB02E02046FCF723FF70BD70B578
S3150800A0D00546AC6B206B012805D1A08D41082046AA
S3150800A0E0FCF75DFB02E02046FCF714FF70BD70B577
S3150800A0F00546AC6B2868006800F48070F8B9002043
S3150800A100E08400BF00BF2168143151E8001F21F028
S3150800A11080002168143141E80002002AF3D100BF0B
S3150800A12000BF00BF21680C3151E8001F41F0400014
S3150800A13021680C3141E80002002AF3D102E02046EA
S3150800A140FCF740FF70BD70B50446A56B2846FCF7C2
S3150800A1503AFF70BD2DE9F04104460E4615461F46E6
S3150800A16026606560A7604FF4807204F10C012068D0
S3150800A170FCF7AEFE20680068C06840F02000216841
S3150800A1800968C86020680068C06840F01000216847
S3150800A1900968C8602868006840F0010029680860F6
S3150800A1A0BDE8F08100BF00BF02680C3252E8002FFC
S3150800A1B022F4907102680C3242E80013002BF3D1A6
S3150800A1C000BF00BF00BF0268143252E8002F22F019
S3150800A1D001010268143242E80013002BF3D100BFD4
S3150800A1E0016B01290ED100BF00BF02680C3252E88C
S3150800A1F0002F22F0100102680C3242E80013002BEF
S3150800A200F3D100BF202180F83E100021016370477A
S3150800A21010B504462068C06820F040002168C86070
S3150800A220202084F83D002046FCF7CCFE002010BD17
S3150800A23000BF00BF02680C3252E8002F22F0C001AE
S3150800A24002680C3242E80013002BF3D100BF20212C
S3150800A25080F83D107047F8B5044694F83E00222869
S3150800A26073D1A068B0F5805F0CD1206950B900257C
S3150800A270A66A20684068C0F308003080A06A801C7F
S3150800A280A06215E0A56A0026A068B0F5805F03D035
S3150800A290A06828B9206918B920684068287004E0C1
S3150800A2A02068406800F07F002870A06A401CA06201
S3150800A2B0E08D401E80B2E085002844D12068C06841
S3150800A2C020F020002168C8602068C06820F48070EB
S3150800A2D02168C8602068406920F00100216848614B
S3150800A2E0202084F83E00206B012826D10020206318
S3150800A2F000BF00BF21680C3151E8001F21F0100093
S3150800A30021680C3141E80002002AF3D100BF206819
S3150800A310006800F0100010280AD100BF0020009045
S3150800A32020680068009020684068009000BF00BF61
S3150800A330A18D2046FCF733FA02E02046FCF7E9FD3A
S3150800A3400020F8BD01E00020FBE70220F9E7000045
S3150800A3502DE9F84F04462068006920F44050E1686A
S3150800A3600843216808612169A068084361690843B0
S3150800A370E169084300902068C06849F20C61884387
S3150800A380009908432168C8602068406920F4407035
S3150800A390A16908432168486176492068884203D044
S3150800A3A075492068884203D1FAF75EFF814602E0C4
S3150800A3B0FAF74AFF8146E069B0F5004F6CD10220F2
S3150800A3C06168A0FB015003461920A9FB00700146ED
S3150800A3D02A463846F5F754FF6421B0FBF1F04FEAF8
S3150800A3E0001A02206168A0FB01510B461920A9FB3F
S3150800A3F000712A463846F5F743FF8346022061680E
S3150800A400A0FB015003461920A9FB00712A463846CD
S3150800A410F5F736FF6421B0FBF1F000EBC00101EB64
S3150800A4200010ABEB8000322101EBC0006421B0FBC9
S3150800A430F1F000F0F8000AEB400A02206168A0FB80
S3150800A440015003461920A9FB007001462A463846E2
S3150800A450F5F716FF834602206168A0FB0150034604
S3150800A4601920A9FB00712A463846F5F709FF642129
S3150800A470B0FBF1F000EBC00101EB0010ABEB800084
S3150800A480322101EBC0006421B0FBF1F000F00700B7
S3150800A4905044216888606AE004206168A0FB015086
S3150800A4A003461920A9FB007001462A463846F5F7E7
S3150800A4B0E7FE824604206168A0FB01500346192086
S3150800A4C0A9FB007001462A463846F5F7D9FE6421ED
S3150800A4D0B0FBF1F000EBC00101EB0010AAEB800025
S3150800A4E0322101EB00106421B0FBF1F000F0F00A14
S3150800A4F004206168A0FB017003461920A9FB0051DE
S3150800A5003A462846F5F7BCFE6421B0FBF1F00AEBA3
S3150800A510001A04206168A0FB01510B461920A9FB0B
S3150800A52000712A463846F5F7ABFE83460420616873
S3150800A530A0FB015003461920A9FB007001462A46D4
S3150800A5403846F5F79DFE6421B0FBF1F000EBC0013B
S3150800A55001EB0010ABEB8000322101EB0010642107
S3150800A560B0FBF1F000F00F00504421688860BDE8A8
S3150800A570F88F0000001001400014014077B581B043
S3150800A580044615460298A062A5850020206422206C
S3150800A59084F83E002A48A16BC8632A48A16B086460
S3150800A5A02948A16BC8640020A16B086502AE326811
S3150800A5B02368191D2B46A06BF8F7ECFF00BF002097
S3150800A5C0009020680068009020684068009000BFEE
S3150800A5D000BF00BF002084F83C0000BF206970B1AE
S3150800A5E000BF00BF21680C3151E8001F41F480709C
S3150800A5F021680C3141E80002002AF3D100BF00BFF0
S3150800A60000BF2168143151E8001F41F0010021689C
S3150800A610143141E80002002AF3D100BF00BF00BF91
S3150800A6202168143151E8001F41F0400021681431B7
S3150800A63041E80002002AF3D100BF002004B070BD33
S3150800A6401FA00008CFA00008CF9F0008014691F878
S3150800A6503D00212828D18868B0F5805F0BD10869AC
S3150800A66048B90A6A1088C0F308000B685860086A77
S3150800A670801C086205E00B6A581C086218780B688B
S3150800A6805860C88C401E80B2C88458B90868C0682B
S3150800A69020F080000B68D8600868C06840F0400069
S3150800A6A00B68D860002070470220FCE738B50446DE
S3150800A6B04FF4807520680068006800F020000028C4
S3150800A6C04DD120680068006800F01000002846D0C8
S3150800A6D02068FCF765F8606800684068C0F5807017
S3150800A6E085B226492068884205D1E9B204F10C00F2
S3150800A6F0FEF7FCFB09E022492068884205D12A4674
S3150800A70004F10C011F4806F0BCF8002004E0002202
S3150800A71004F10C010A54401CFF28F8DD00BF002094
S3150800A720009020680068006800902068006840680B
S3150800A730009000BF00BF00BF00200090206800689E
S3150800A74000680090206800684068009000BF00BF5D
S3150800A7504FF4807204F10C012068FCF7B9FB00BFC6
S3150800A7600020009020680068006800902068006853
S3150800A7704068009000BF00BF38BD0000507400203C
S3150800A780D8740020241C00200FB430B5BDB04FF695
S3150800A790FF70069041A80190C8210BA8F5F7BAFDED
S3150800A7A004ADA5208DF810004098C0EB0010801D60
S3150800A7B080B2ADF811004D4800788DF81300FF22DD
S3150800A7C004212846F7F700FF8DF8140040F20130FF
S3150800A7D0ADF815004098012806D0022809D00528AA
S3150800A7E00CD0072814D10EE040F20110ADF808008D
S3150800A7F014E04FF48170ADF808000FE040F2031042
S3150800A800ADF808000AE04FF48270ADF8080005E0DC
S3150800A8104FF0FF303DB030BC5DF814FB00BF344844
S3150800A8200088ADF80A0033480088ADF80C0004AD7E
S3150800A830BDF8182007212846F7F7ACFE069002ADAA
S3150800A840BDF8182006212846F7F7A4FE06900498B6
S3150800A8500B90BDF81400ADF830009DF816008DF881
S3150800A86032000298CDF83300BDF80C00ADF8370079
S3150800A87000241CE0019901F11000019091E80D00F7
S3150800A880C968CDE908230A91079007ADBDF81820D5
S3150800A8900F212846F7F77EFE0690C4EB04120DF149
S3150800A8A0390150180F2207A9F5F71BFD641C4098BB
S3150800A8B08442DFDB4098C0EB00110DF139000844F3
S3150800A8C0BDF8181001804099C1EB01110F318AB209
S3150800A8D0094908680BA9FCF71FFB002001900348EB
S3150800A8E00078401C01490870002093E730000020DA
S3150800A8F032000020340000201C0F002010B506F09E
S3150800A90011F904462078652840D007DC07286DD25F
S3150800A910DFE800F06C0C141C242C3400663805287B
S3150800A92064D2DFE800F03B434B535B00012030491B
S3150800A930088040F201102F49088057E002202C4970
S3150800A94008804FF481702B4908804FE0032028497E
S3150800A950088040F203102749088047E0042024496C
S3150800A96008804FF48270234908803FE0052020497B
S3150800A970088040F205101F49088037E006201C4968
S3150800A98008804FF483701B4908802FE0652018491A
S3150800A990088040F265101749088027E066201449A8
S3150800A9A008804FF4B370134908801FE067201049E8
S3150800A9B0088040F267100F49088017E068200C49A4
S3150800A9C008804FF4B4700B4908800FE069200849E5
S3150800A9D0088040F269100749088007E06A200449A0
S3150800A9E008804FF4B5700349088000BF00BF10BD4A
S3150800A9F0320000203400002010B50F213C48F5F73E
S3150800AA0089FC0F213B48F5F785FC0F213A48F5F7F5
S3150800AA1081FC0F213948F5F77DFC0F213848F5F7F9
S3150800AA2079FC0F213748F5F775FC0F213648F5F7FD
S3150800AA3071FC2D213548F5F76DFC2D213448F5F7C5
S3150800AA4069FC2D213348F5F765FC2D213248F5F7C9
S3150800AA5061FC2D213148F5F75DFC2D213048F5F7CD
S3150800AA6059FC0F212F48F5F755FC0F212E48F5F70D
S3150800AA7051FC0F212D48F5F74DFC0F212C48F5F711
S3150800AA8049FC0F212B48F5F745FC0F212A48F5F715
S3150800AA9041FC2D212948F5F73DFC2D212848F5F7DD
S3150800AAA039FC2D212748F5F735FC2D212648F5F7E1
S3150800AAB031FC0F212548F5F72DFC0F212448F5F721
S3150800AAC029FC0F212348F5F725FC0F212248F5F725
S3150800AAD021FC0F212148F5F71DFC0F212048F5F729
S3150800AAE019FC0F211F48F5F715FC07F0E3F810BD10
S3150800AAF0681100207711002086110020951100208A
S3150800AB00A4110020B3110020C2110020D111002089
S3150800AB10FE1100202B12002058120020851200205A
S3150800AB20B2120020DF120020EE120020FD120020D3
S3150800AB300C1300201B1300202A130020CF1300201B
S3150800AB40FC1300202914002056140020831400202A
S3150800AB5092140020A1140020B0140020BF14002075
S3150800AB60CE140020DD14002010B50348FFF79EFD23
S3150800AB700248FBF75BFE10BD100E00205074002043
S3150800AB8010B5F7F753F90248FBF750FE10BD000061
S3150800AB909474002010B50348FFF788FD0248FBF7B8
S3150800ABA045FE10BD1C0F0020D87400202DE9F04189
S3150800ABB004460D46D4F8C87204F53070D4F8D41299
S3150800ABC050F8210010B90320BDE8F08104F5307073
S3150800ABD0D4F8D41250F8216005F00F0000EB80017C
S3150800ABE004F1140000EB8100406838B305F00F004B
S3150800ABF000EB800104F1140000EB8100416805F0C8
S3150800AC000F0000EBC00207F13C0000EB8200C068B1
S3150800AC10B1FBF0F200FB121080B9002105F00F001D
S3150800AC2000EB800204F1140000EB8200416000236F
S3150800AC301A462946204601F024F917E00020C6F8EE
S3150800AC40140204F53170D4F8D41250F821000069C2
S3150800AC5060B1D6F8080204F53171D4F8D42251F857
S3150800AC6022102A460B6906F5047198470020ABE7BF
S3150800AC7070B504460E4604F53070D4F8D41250F870
S3150800AC802150D4F8D41250F8210008B9032070BD19
S3150800AC903146204600F051FFC5F80C02D5F80402EB
S3150800ACA004F53171D4F8D43251F82310CA6805F581
S3150800ACB0037190470020EAE770B504460D46304810
S3150800ACC00178204600F00BFE00212D48007800F0A0
S3150800ACD00F0000EB800204F1140000EB82000182F1
S3150800ACE028480178204600F0FAFD0021254800781A
S3150800ACF000F00F0000EB800204F5AA7000EB82005A
S3150800AD00018221480178204600F0E9FD00211E480D
S3150800AD10007800F00F0000EB800204F1140000EB4D
S3150800AD20820001821848007800F00F0000EB8002CC
S3150800AD3004F1140000EB8200418204F53070D4F867
S3150800AD40D41250F82100C8B104F53171D4F8D422D0
S3150800AD5051F822104868804704F53071D4F8D42297
S3150800AD6051F8220001F0B6FB002104F53070D4F842
S3150800AD70D42240F822100020C4F8BC02002070BD7E
S3150800AD805B0200205C0200205D02002070B50446CC
S3150800AD9004F53070D4F8D41250F821500DB90320B8
S3150800ADA070BD04F53170D4F8D41250F8210098B16A
S3150800ADB095F80002FF280FD095F8012295F80002B1
S3150800ADC004F53171D4F8D46251F826108B682946F7
S3150800ADD09847FF2085F800020020E1E701460A208F
S3150800ADE00880014870470000D40100202DE9F04191
S3150800ADF0044682210D4800F098FC054601210B48BF
S3150800AE0000F093FC06468121084800F08EFC0746B0
S3150800AE100DB11020A8710EB14020B0800FB14020AE
S3150800AE20B880432020800148BDE8F0811802002040
S3150800AE302DE9F041044682210E4800F076FC0546CD
S3150800AE4001210C4800F071FC06468121094800F0F2
S3150800AE506CFC07460DB11020A87116B14FF40070AE
S3150800AE60B08017B14FF40070B880432020800148A5
S3150800AE70BDE8F081180200202DE9F0410446822140
S3150800AE800D4800F052FC054601210B4800F04DFC28
S3150800AE9006468121084800F048FC07460DB11020F7
S3150800AEA0A8710EB14020B0800FB14020B880432071
S3150800AEB020800148BDE8F0811802002070B50446DC
S3150800AEC00E464FF4077001F007FB054645B9002109
S3150800AED004F53070D4F8D42240F82210022070BD50
S3150800AEE04FF407712846F5F715FA04F53070D4F8CB
S3150800AEF0D41240F82150D4F8D41250F82100C4F8DE
S3150800AF00BC02207C98BB4FF400730222504801789B
S3150800AF10204600F0B3FE01214D48007800F00F00EE
S3150800AF2000EB800204F1140000EB820001824B0260
S3150800AF30022248480178204600F0A0FE0121454833
S3150800AF40007800F00F0000EB800204F5AA7000EB11
S3150800AF508200018210214048007800F00F0000EBC3
S3150800AF60800204F1140000EB8200418232E0FFE720
S3150800AF704023022236480178204600F07FFE012150
S3150800AF803348007800F00F0000EB800204F114004B
S3150800AF9000EB82000182402302222E4801782046D7
S3150800AFA000F06CFE01212B48007800F00F0000EB42
S3150800AFB0800204F5AA7000EB82000182102126485F
S3150800AFC0007800F00F0000EB800204F1140000EB9B
S3150800AFD082004182082303221F480178204600F098
S3150800AFE04DFE01211C48007800F00F0000EB80029E
S3150800AFF004F1140000EB820001820020C5F8040267
S3150800B00004F53171D4F8D42251F822100868804723
S3150800B0100020C5F81402C5F81802D5F8040208B9C4
S3150800B02002205CE7207C48B94FF400730948017890
S3150800B0302046D5F8042200F039FE07E040230548EB
S3150800B04001782046D5F8042200F030FE002046E7B5
S3150800B0505B0200205C0200205D02002070B50446F9
S3150800B06004F53070D4F8D41250F82150D4F8D4121C
S3150800B07050F8210008B9032070BD207C48B94FF468
S3150800B0800073094801782046D5F8042200F00EFE20
S3150800B09007E04023044801782046D5F8042200F04A
S3150800B0A005FE0020E8E700005C020020024609B918
S3150800B0B00320704702F53170D2F8D43240F82310D5
S3150800B0C00020F6E710B5024602F53070D2F8D442F1
S3150800B0D050F824300BB9032010BDC3F80412002021
S3150800B0E0FAE730B503460C4603F53070D3F8D45268
S3150800B0F050F8251009B9032030BDC1F80842C1F837
S3150800B10010220020F8E72DE9FC4105460C4605F516
S3150800B1103070D5F8D41250F82160002001900090C4
S3150800B120804616B90320BDE8FC81207800F060004F
S3150800B13000283DD020287CD1E08868B3207800F02C
S3150800B1408000B8B1E288607805F53171D5F8D4C2C7
S3150800B15051F82C108B6831469847E088072801D9A2
S3150800B160072000E0E08807463A463146284600F0C0
S3150800B17015F91CE0607886F80002E088402801D2BC
S3150800B180E08800E0402086F8010296F80122314660
S3150800B190284600F0E2F80AE0607805F53171D5F83E
S3150800B1A0D42251F8221000228B682146984747E09E
S3150800B1B0607830B1012832D00A2813D00B282FD155
S3150800B1C021E095F89C02032805D102226946284603
S3150800B1D000F0E4F805E02146284600F0B2F84FF002
S3150800B1E0030824E095F89C02032805D1012201A949
S3150800B1F0284600F0D3F805E02146284600F0A1F8D5
S3150800B2004FF0030813E095F89C02032805D0214661
S3150800B210284600F096F84FF0030808E009E006E033
S3150800B2202146284600F08DF84FF0030800BF00BFFE
S3150800B23006E02146284600F084F84FF0030800BFD0
S3150800B24000BF40466FE7000070B5044604F530704D
S3150800B250D4F8D41250F821500126D4F8D41250F854
S3150800B260210008B9032070BDD5F81402C8B9012019
S3150800B270C5F814020C48007800F00F0000EB8002B5
S3150800B28004F1140000EB8200D5F81012416006485C
S3150800B29001782046D5F81032D5F8082200F0F1FDDD
S3150800B2A000263046DFE700005B02002070B5044642
S3150800B2B00D460026D4F8B80229464268204690472B
S3150800B2C000B10326304670BD70B504460D4694F8A5
S3150800B2D09C02012804D0022803D003280CD101E0DF
S3150800B2E000BF00BF6888012805D10020C4F8A40261
S3150800B2F0204600F064F804E02946204600F021F8CC
S3150800B30000BF00BF70BD02460020704702460020FD
S3150800B310704770B506460C4615462B462246002150
S3150800B320304600F0C3FC002070BD70B506460C46DA
S3150800B33015462B4622460021304600F0A2FD002085
S3150800B34070BD70B504460D468021204600F06DFD9F
S3150800B3500021204600F069FD70BD70B504460E4612
S3150800B36015460320C4F894024FF4AC700551001D2D
S3150800B37005512B4632460021204600F097FC002056
S3150800B38070BD10B504460520C4F8940200231A4679
S3150800B3901946204600F08AFC002010BD70B5044608
S3150800B3A00E4615460220C4F89402A561E5612B46AF
S3150800B3B032460021204600F064FD002070BD10B51D
S3150800B3C004460420C4F8940200231A461946204667
S3150800B3D000F057FD002010BD70B505460C462DB986
S3150800B3E02246064906A000F00AFA04E02246034966
S3150800B3F003A000F004FA014870BD00000491002083
S3150800B40043444320636F6E66696700000246122054
S3150800B41008800148704700005803002070B50546AB
S3150800B4200C462DB92246064906A000F0E8F904E0C4
S3150800B4302246034903A000F0E2F9014870BD000066
S3150800B44004910020736574686F6D650002460420D8
S3150800B45008800148704700006C03002070B5054657
S3150800B4600C462246024903A000F0C9F9004870BDFF
S3150800B4700491002053544D6963726F656C6563745B
S3150800B480726F6E696373000070B505460C462DB978
S3150800B4902246064906A000F0B2F904E0224603490E
S3150800B4A003A000F0ACF9014870BD0000049100202B
S3150800B4B0526F626F6D6173746572204164616D00CD
S3150800B4C070B505460C461A202080F7F78FF8014814
S3150800B4D070BD00007003002070B504460D46E8886C
S3150800B4E0012804D029462046FFF72BFF1EE094F8D2
S3150800B4F09C02012804D0022803D0032810D109E0B1
S3150800B50000BF0020A060012204F108012046FFF7D1
S3150800B51045FF0AE00122211D2046FFF73FFF04E010
S3150800B52029462046FFF70DFF00BF00BF70BDF8B5DE
S3150800B53004460E4600200090002700257088001259
S3150800B540082875D2DFE800F0C7040C20C7C7A5B5E0
S3150800B550207CD4F8B4120A68694690470746C1E0C9
S3150800B560207C40B9D4F8B802816A684688470746FD
S3150800B5700220787007E0D4F8B802C16A684688479E
S3150800B580074602207870ADE0B078062878D2DFE862
S3150800B59000F00316293C5063D4F8B402406838B169
S3150800B5A0207CD4F8B4124A6869469047074605E0F5
S3150800B5B031462046FFF7C5FE681CC5B267E0D4F8D9
S3150800B5C0B402806838B1207CD4F8B4128A68694617
S3150800B5D09047074605E031462046FFF7B2FE681C4D
S3150800B5E0C5B254E0D4F8B402C06838B1207CD4F8A7
S3150800B5F0B412CA6869469047074605E031462046B0
S3150800B600FFF79FFE681CC5B241E0D4F8B402006992
S3150800B61038B1207CD4F8B4120A69694690470746BF
S3150800B62005E031462046FFF78CFE681CC5B22EE0C1
S3150800B63051E0D4F8B402406938B1207CD4F8B41289
S3150800B6404A6969469047074605E031462046FFF7AE
S3150800B65078FE681CC5B21AE0D4F8B402806940B115
S3150800B660207CD4F8B4128A6969469047074606E0F2
S3150800B67006E031462046FFF764FE681CC5B206E0C0
S3150800B68031462046FFF75DFE681CC5B200BF00BF05
S3150800B69028E0207C30B9D4F8B802416B6846884760
S3150800B6A0074605E031462046FFF74BFE681CC5B243
S3150800B6B018E0207C40B9D4F8B802016B6846884780
S3150800B6C007460720787005E031462046FFF739FE21
S3150800B6D0681CC5B206E031462046FFF732FE681CF4
S3150800B6E0C5B200BF00BF05B1F8BDF088C0B1BDF84E
S3150800B6F0000080B1F088BDF80010884202DDBDF870
S3150800B700000000E0F0880090BDF800203946204689
S3150800B710FFF744FE07E031462046FFF712FE02E037
S3150800B7202046FFF74CFE00BFDEE72DE9F841054647
S3150800B7300F462C462E464FF000087088317888420E
S3150800B74018DD307800900FE06946204600F020F8B2
S3150800B75004466078052807D1A04698F80200B84242
S3150800B76000D106E04FF000087088BDF80010884246
S3150800B770EADC00BF4046BDE8F881014600200A46DB
S3150800B78002E0431CD8B2521C1378002BF9D170473B
S3150800B79010B5024610460B88047823440B800378BC
S3150800B7A0981810BD70B504460D4694F89C020128F9
S3150800B7B004D0022803D003281AD101E000BF00BF35
S3150800B7C0E888022804D029462046FFF7BAFD14E087
S3150800B7D00120E060D4F8A40218B1E06840F0020045
S3150800B7E0E060022204F10C012046FFF7D7FD04E0D1
S3150800B7F029462046FFF7A5FD00BF00BF70BD2DE90D
S3150800B800F04107460D46904600240FB9BDE8F08181
S3150800B8103E463046FFF7B1FF022101EB4000A8F88B
S3150800B820000098F800002855601CC4B2032028556B
S3150800B830601CC4B208E030782855761C601CC4B277
S3150800B84000202855601CC4B230780028F3D100BF08
S3150800B850DCE70146002031B1012906D0022906D0CD
S3150800B860032908D105E0002007E0032005E00120B0
S3150800B87003E0032001E0032000BF00BF70472DE965
S3150800B880F04104460D46164614B90320BDE8F0817A
S3150800B8900020C4F8B802C4F8C402C4F8D0020DB136
S3150800B8A0C4F8B452012084F89C022670204600F0A1
S3150800B8B04DF907463846E9E72DE9F04104460D46B5
S3150800B8C0002600272946D4F8C802F8F796FD06464A
S3150800B8D03046FFF7BEFF07463846BDE8F0812DE93A
S3150800B8E0F04104460D46002600272946D4F8C8022A
S3150800B8F0F8F74EFD06463046FFF7ABFF07463846D3
S3150800B900BDE8F0812DE9F04704460F469146002F21
S3150800B91056D104F11405D4F89402022846D1D5E983
S3150800B920020188420FD9D5E90201401AA8604946A2
S3150800B9302046AA68FFF7F9FC00231A46194620464E
S3150800B94000F0B4F932E0D5E90210884217D1E96867
S3150800B9506868884213D36868D4F8981288420ED269
S3150800B960002211462046FFF7E0FC0020C4F89802A2
S3150800B97000231A461946204600F098F916E094F86E
S3150800B9809C0203280BD1D4F8B802C06838B100204D
S3150800B990C4F8D402D4F8B802C16820468847802182
S3150800B9A0204600F042FA2046FFF7EBFC94F8A00286
S3150800B9B050B3204600F0BCFA002084F8A00223E029
S3150800B9C047F080012046FFF79EFC0646FF2E1BD057
S3150800B9D0D6B994F89C02032816D104F52E7050F8AF
S3150800B9E02600406980B1C4F8D46204F52E7050F878
S3150800B9F0260039464269204690478046B8F1000F2E
S3150800BA0002D04046BDE8F0870020FBE72DE9F04765
S3150800BA1005460F4690464FF00009002F51D105F50F
S3150800BA20AA76D5F8940203286FD1D6E9020188428E
S3150800BA3010D9D6E90201401AB060D6E90201884257
S3150800BA4001D2B06800E0F068024641462846FFF792
S3150800BA5060FC5AE095F8AA0200F01F0020B1012800
S3150800BA6004D0022812D109E0002411E040F2AE20E9
S3150800BA70415D2846FFF74AFC044609E040F2AE203D
S3150800BA80415D2846FFF73FFC044601E0002400BF5D
S3150800BA9000BF94B995F89C0203280ED105F52E70BF
S3150800BAA050F82400006940B1C5F8D44205F52E7057
S3150800BAB050F824000169284688472846FFF77FFC86
S3150800BAC023E007F07F012846FFF71DFC0446FF2CFC
S3150800BAD01BD0D4B995F89C02032810D105F52E7011
S3150800BAE050F82400806950B1C5F8D44205F52E7087
S3150800BAF050F8240039468269284690478146B9F1AC
S3150800BB00000F02D04846BDE8F0870020FBE7014653
S3150800BB100020704770B504460025012084F89C0271
S3150800BB20D4F8B80238B12179D4F8B8024268204668
S3150800BB30904700B10325284670BD70B504460D46EA
S3150800BB402946D4F8C802F8F796FC70BD10B5044625
S3150800BB50207800282AD11648C0F80845C4F8C80233
S3150800BB604FF0A0401249086004204860022110489E
S3150800BB70C16000210161022181610021C161016268
S3150800BB804162C1620163F9F7DCF808B1F6F73EFADB
S3150800BB9080210748F8F781FB402200210448F8F77E
S3150800BBA081FB802201210248F8F77CFB002010BDAA
S3150800BBB0D889002010B50246D2F8C83201F08000B4
S3150800BBC0802809D101F07F0000EBC00403F13C0096
S3150800BBD000EB8400807810BD01F07F0000EBC00404
S3150800BBE003F51F7000EB84008078F4E770B504460F
S3150800BBF00D4604F52E70D4F8D41250F8210008B971
S3150800BC00032070BD94F89C02032811D104F52E7008
S3150800BC10D4F8D41250F82100006A48B104F52E7001
S3150800BC20D4F8D41250F821002946026A20469047D3
S3150800BC300020E6E770B504460D4604F52E70D4F8E4
S3150800BC40D41250F8210008B9032070BD94F89C025C
S3150800BC50032811D104F52E70D4F8D41250F8210017
S3150800BC60406A48B104F52E70D4F8D41250F8210071
S3150800BC702946426A204690470020E6E72DE9F04724
S3150800BC8004460F4615461E464FF00008C1462B4689
S3150800BC9032463946D4F8C802F8F7F8FB80464046DB
S3150800BCA0FFF7D7FD81464846BDE8F0872DE9F047FE
S3150800BCB004460D4616461F464FF00008C1463B4649
S3150800BCC032462946D4F8C802F8F726FC804640468C
S3150800BCD0FFF7BFFD81464846BDE8F08770B50446C4
S3150800BCE00025012084F89C020020C4F894026060B4
S3150800BCF0C4F8A40284F8A002D4F8B80258B1D4F85B
S3150800BD00B802406838B12179D4F8B80242682046AA
S3150800BD10904700B103254023002211462046FFF72D
S3150800BD20ADFF01214FF4B27001534021001F0151AC
S3150800BD304023002280212046FFF7A0FF0121A1848D
S3150800BD4040212162284670BD014691F89C020428CC
S3150800BD5003D191F89D0281F89C020020704710B526
S3150800BD60044694F89C0203280BD1D4F8B80240B1D3
S3150800BD70D4F8B802C06920B1D4F8B802C16920461F
S3150800BD808847002010BD02461174002070472DE92F
S3150800BD90F04104460D46002600272946D4F8C80275
S3150800BDA0F9F704F906463046FFF753FD07463846C5
S3150800BDB0BDE8F08170B504460D46294604F2AA206E
S3150800BDC000F077F80120C4F894024FF42C70005B59
S3150800BDD0C4F8980294F8AA0200F01F0020B10128BE
S3150800BDE009D0022815D10DE004F2AA21204600F058
S3150800BDF083F9064616E004F2AA21204600F013FB52
S3150800BE0006460FE004F2AA21204600F0CCF90646C1
S3150800BE1008E094F8AA0200F08001204600F005F830
S3150800BE20064600BF00BF304670BD2DE9F041044606
S3150800BE300D46002600272946D4F8C802F8F798FBCD
S3150800BE4006463046FFF705FD07463846BDE8F08149
S3150800BE5070B5044600250026D4F8C802F9F7CAF8D2
S3150800BE6005462846FFF7F5FC0646304670BD0146EE
S3150800BE7091F89C0281F89D02042081F89C0200201A
S3150800BE8070472DE9F04704460D4616461F464FF003
S3150800BE900008C1463B4632462946D4F8C802F8F798
S3150800BEA0ACFB80464046FFF7D4FC81464846BDE8D1
S3150800BEB0F08770B505460E46344620782870641C0F
S3150800BEC020786870641C2046FDF7D8FB6880641CDF
S3150800BED0641C2046FDF7D2FBA880641C641C20461F
S3150800BEE0FDF7CCFBE88070BD38B504460D4600204A
S3150800BEF000900DB9032038BDC4F8B85204F52E7069
S3150800BF00D4F8D41250F82100C06A50B104F52E7046
S3150800BF10D4F8D42250F82200C16A68468847C4F883
S3150800BF20D002D4F8D802401CC4F8D8020020E2E7B0
S3150800BF3001460020704770B504460D46A88810BB18
S3150800BF40E88800BB688880281DD2A87800F07F069C
S3150800BF5094F89C02032804D129462046FFF7F1F9F4
S3150800BF6015E084F89E6231462046FFF710FF20460A
S3150800BF70FFF725FA1EB1022084F89C0207E001208B
S3150800BF8084F89C0203E029462046FFF7DAF970BDDB
S3150800BF9070B504460D460026D4F8B80230B1D4F878
S3150800BFA0B80229460268204690470646304670BDC4
S3150800BFB070B504460E460025B0783D490870084617
S3150800BFC00078012805D931462046FFF7BAF903203B
S3150800BFD070BD94F89C02022802D0032859D11FE0AC
S3150800BFE033480078C0B1324800786060304801783C
S3150800BFF02046FFF7CDFF05463DB131462046FFF7FF
S3150800C000A0F9022084F89C0209E02046FFF7D7F938
S3150800C010032084F89C0202E02046FFF7D0F943E0AB
S3150800C0202348007870B9022084F89C0220480078DA
S3150800C03060601F4801782046FFF738F92046FFF769
S3150800C040BEF925E01A490978606888421DD0217929
S3150800C0502046FFF72BF916480078606014480178E7
S3150800C0602046FFF795FF05465DB131462046FFF7A6
S3150800C07068F921792046FFF719F9022084F89C020D
S3150800C08006E02046FFF79BF902E02046FFF797F9FE
S3150800C0900AE031462046FFF754F90548017820465C
S3150800C0A0FFF704F9032500BF00BF284690E7000004
S3150800C0B05E02002070B505460C466088012805D149
S3150800C0C0C5F8A4022846FFF77AF90EE06088022828
S3150800C0D007D1A088001285F8A0022846FFF76FF955
S3150800C0E003E021462846FFF72CF970BD10B5044633
S3150800C0F02046FFF7ADFE10BD70B504460D46002676
S3150800C100287800F0600088B1202802D0402842D163
S3150800C11000E000BF04F52E70D4F8D41250F82100C0
S3150800C1202946826820469047064639E068780A28F4
S3150800C1302AD2DFE800F01A24291F290A0529150F33
S3150800C14029462046FFF7F3F923E029462046FFF75C
S3150800C150F2FE1EE029462046FFF72AFF064618E0AB
S3150800C16029462046FFF7B8F913E029462046FFF787
S3150800C17019FB0EE029462046FFF79CFF09E02946F1
S3150800C1802046FFF7A1F804E029462046FFF7D9F82C
S3150800C19000BF00BF04E029462046FFF7D2F800BFDB
S3150800C1A000BF304670BD2DE9F04705460F464FF0F3
S3150800C1B000093C79387800F06000F8B1202802D0F0
S3150800C1C040287DD100E000BF21462846FFF79BF8AE
S3150800C1D00646FF2E11D086B9C5F8D46205F52E702D
S3150800C1E050F82600806840B105F52E7050F82600F4
S3150800C1F03946826828469047814610E178780028B3
S3150800C2007AD001282FD003286ED195F89C020228EF
S3150800C21002D0032820D110E054B1802C08D0214642
S3150800C2202846FFF702FE80212846FFF7FEFD03E0B9
S3150800C23039462846FFF785F813E0788840B93CB1B7
S3150800C240802C05D0F88818B921462846FFF7EDFD59
S3150800C2502846FFF7B4F804E039462846FFF771F890
S3150800C26000BF00BFD4E095F89C02022802D003283C
S3150800C2703BD110E054B1802C08D021462846FFF760
S3150800C280D4FD80212846FFF7D0FD03E0394628462D
S3150800C290FFF757F82EE0788820BB04F07F0018B126
S3150800C2A021462846FFF708FB2846FFF788F8214667
S3150800C2B02846FFF728F80646FF2E13D096B900E061
S3150800C2C0A8E0C5F8D46205F52E7050F826008068F7
S3150800C2D040B105F52E7050F8260039468268284682
S3150800C2E09047814606E007E08DE039462846FFF785
S3150800C2F028F800BF00BF8BE095F89C02022802D000
S3150800C300032879D126E034B1802C04D03946284652
S3150800C310FFF717F875E004F08000802808D104F0CC
S3150800C3207F0000EB800105F1140000EB810007E0B7
S3150800C33004F07F0000EB800105F5AA7000EB810090
S3150800C34080460020C8F80000022241462846FFF72A
S3150800C35025F856E004F0800080280ED104F00F007E
S3150800C36000EB800105F1140000EB8100008A98B902
S3150800C37039462846FEF7E5FF43E004F00F0000EBD8
S3150800C380800105F5AA7000EB8100008A20B93946BC
S3150800C3902846FEF7D6FF34E004F08000802808D14E
S3150800C3A004F07F0000EB800105F1140000EB81002A
S3150800C3B007E004F07F0000EB800105F5AA7000EBAA
S3150800C3C0810080460CB1802C03D10020C8F80000FB
S3150800C3D00CE021462846FFF7EDFB20B10120C8F8FE
S3150800C3E0000003E008E00020C8F8000002224146E9
S3150800C3F02846FEF7D3FF04E039462846FEF7A1FF94
S3150800C40000BF00BF04E039462846FEF79AFF00BF82
S3150800C41000BF04E039462846FEF793FF00BF00BF79
S3150800C4204846BDE8F0872DE9F04105460E46002747
S3150800C430307800F0600030B1202802D0402840D182
S3150800C44000E000BF00BF95F89C02012804D002282E
S3150800C45003D003282ED101E000BF00BF30790128A0
S3150800C46023D831792846FEF751FF0446FF2C14D00D
S3150800C4709CB905F52E7050F82400806858B1C5F8A7
S3150800C480D44205F52E7050F82400314682682846B5
S3150800C4909047074602E0032700E00327F08840B9E3
S3150800C4A03FB92846FEF78BFF03E031462846FEF7DC
S3150800C4B048FF04E031462846FEF743FF00BF00BFA9
S3150800C4C004E031462846FEF73CFF00BF00BF384669
S3150800C4D0BDE8F0817047000001460148704700003A
S3150800C4E0E48E002070B504460B4622461978587823
S3150800C4F001282CD140F61C0080581D7805F00F063F
S3150800C5000125B540ADB2284340F61C05A85002F5F2
S3150800C510106000EB4110006800F40040F0BB9889F9
S3150800C520C0F30A001D7940EA854040EA815040F090
S3150800C530805040F4004002F5106505EB41152D6862
S3150800C540284302F5106505EB411528602DE040F6F5
S3150800C5501C0080581D7805F00F060125B540144EBD
S3150800C56006EA0545284340F61C05A85002F5306042
S3150800C57000EB4110006800F4004078B99889C0F3D0
S3150800C5800A001D7940EA854040F0805040F400409A
S3150800C59002F5306505EB41152D6800E005E02843F6
S3150800C5A002F5306505EB41152860002070BD0000D6
S3150800C5B00000FFFF01460A464FF410608058C30A80
S3150800C5C0DB024FF41060835040F60400805840F4B4
S3150800C5D0807340F604008350002070470FB470B58E
S3150800C5E004460A98012817D1A06B20F48030A0636E
S3150800C5F0E0681A490840E060E06820F44010E0600E
S3150800C6001198012803D1E06840F48010E0602046C4
S3150800C61000F026F8054612E0E06840F04000E060C9
S3150800C620204600F01DF805460E9820B9A06B40F488
S3150800C6308030A06303E0A06B20F48030A0630898E4
S3150800C640012807D1A06840F00600A060A06840F065
S3150800C6502000A060284670BC5DF814FBBFFFBDFF34
S3150800C66008B501460020009000BF0098401C0090C5
S3150800C670104A0098904201D9032008BD086900F0C5
S3150800C68000400028F1D000200090086940F0010021
S3150800C690086100BF0098401C0090064A0098904226
S3150800C6A001D90320E9E7086900F001000028F1D163
S3150800C6B000BFE2E7400D030070B504460B4622466C
S3150800C6C019785878012848D102F5106000EB411016
S3150800C6D0006800F00040B0F1004F17D102F5106075
S3150800C6E000EB4110006840F0006502F5106000EBB1
S3150800C6F04110056002F5106000EB4110006840F03B
S3150800C700804502F5106000EB4110056040F63C00DC
S3150800C71080581D7805F00F060125B540ADB2A8432F
S3150800C72040F63C05A85040F61C0080581D7805F0D8
S3150800C7300F060125B540ADB2A84340F61C05A85022
S3150800C74002F5106000EB411000682B4D284002F5F9
S3150800C750106505EB411528604BE002F5306000EBEB
S3150800C7604110006800F00040B0F1004F17D102F503
S3150800C770306000EB4110006840F0006502F530605B
S3150800C78000EB4110056002F5306000EB41100068CF
S3150800C79040F0804502F5306000EB4110056040F638
S3150800C7A03C0080581D7805F00F060125B540134E4C
S3150800C7B006EA0545A84340F63C05A85040F61C0085
S3150800C7C08558187800F00F060120B0400B4E06EA8F
S3150800C7D00040854340F61C00855002F5306000EBAA
S3150800C7E041100068064D284002F5306505EB4115F5
S3150800C7F02860002070BD0000007833EC0000FFFFC1
S3150800C8000078F3EF01460A46D2F8000E20F003003E
S3150800C810C2F8000E40F60400805820F0020340F6E5
S3150800C820040083500020704701460A46D2F8000EDD
S3150800C83020F00300C2F8000E40F60400805840F0CD
S3150800C840020340F604008350002070470FB4F0B589
S3150800C850054600272E46002405E0002105F58270CE
S3150800C86040F82410641C0F2CF7D31098A0B940F692
S3150800C8700400805940F0020140F604008151A86B7B
S3150800C88040F40010A863A86B20F40020A863A86BE6
S3150800C89020F48020A86307E0A86B20F40010A863A2
S3150800C8A0A86B40F40020A8630020C6F8000ED6F84E
S3150800C8B00008C6F800080B9801280BD1089820B97B
S3150800C8C00021284600F0BCFD08E00121284600F0BA
S3150800C8D0B7FD03E00321284600F0B2FD10212846E3
S3150800C8E000F0B2FC00B10127284600F083FC00B135
S3150800C8F0012700214FF401608151001D815140F646
S3150800C9001C00815100242EE006F5106000EB44104F
S3150800C910006800F00040B0F1004F10D13CB94FF06C
S3150800C920006106F5106000EB441001600DE04FF061
S3150800C930904106F5106000EB4410016005E0002107
S3150800C94006F5106000EB44100160002106F5106042
S3150800C95000EB441001614FF67F3106F5106000EBDD
S3150800C96044108160641C0698A042CDD800242EE0AD
S3150800C97006F5306000EB4410006800F00040B0F1A6
S3150800C980004F10D13CB94FF0006106F5306000EB5E
S3150800C990441001600DE04FF0904106F5306000EB61
S3150800C9A04410016005E0002106F5306000EB4410F4
S3150800C9B00160002106F5306000EB441001614FF676
S3150800C9C07F3106F5306000EB44108160641C0698E0
S3150800C9D0A042CDD84FF40160805920F480714FF4FD
S3150800C9E0016081510020A8616FF080406861099854
S3150800C9F018B9A86940F01000A861A8690949084350
S3150800CA00A8610C9818B1A86940F00800A8611098A8
S3150800CA10012803D1A86904490843A8613846F0BC2F
S3150800CA205DF814FB00383C80040000400146886825
S3150800CA3020F001008860002070470000F0B5054628
S3150800CA400B4614462A4619785878012875D19869EC
S3150800CA5020BB02F5106000EB411000696D4E3040B6
S3150800CA6002F5106606EB4116306102F5106000EB20
S3150800CA704110006940F4002602F5106000EB4110F1
S3150800CA80066102F5106000EB41100069C60CF60459
S3150800CA9002F5106000EB4110066137E002F5106000
S3150800CAA000EB41100069C60CF60402F5106000EBB5
S3150800CAB04110066102F5106000EB41100069554E01
S3150800CAC0304002F5106606EB41163061DE6898695B
S3150800CAD0B04201D9D868986102F5106000EB4110A0
S3150800CAE0006940F4002602F5106000EB411006616B
S3150800CAF002F5106000EB411000699E69C6F3120644
S3150800CB00304302F5106606EB41163061012C15D14B
S3150800CB10586928B102F5106000EB41105E6946615C
S3150800CB2002F5106000EB4110006840F0044602F57B
S3150800CB30106000EB411006606AE01BE002F5106029
S3150800CB4000EB4110006840F0044602F5106000EB67
S3150800CB5041100660986900285AD040F6340080587B
S3150800CB601E7806F00F070126BE40304340F634060D
S3150800CB70B0504DE002F5306000EB41100069C60C7C
S3150800CB80F60402F5306000EB4110066102F53060EC
S3150800CB9000EB411000691F4E304002F5306606EB87
S3150800CBA041163061986908B1D8689861D868D86123
S3150800CBB002F5306000EB4110006940F4002602F5EA
S3150800CBC0306000EB4110066102F5306000EB411061
S3150800CBD00069DE69C6F31206304302F5306606EBD5
S3150800CBE041163061012C07D1186928B102F5306069
S3150800CBF000EB41101E69466102F5306000EB4110FA
S3150800CC00006840F0044602F5306000EB411006600B
S3150800CC100020F0BDFFFF07E070B503460C46194635
S3150800CC201D6C1848854209D94FF43060405800F009
S3150800CC300040B0F1004F01D1002070BD0026C1F8B8
S3150800CC40106BD1F8100B40F40026C1F8106BD1F820
S3150800CC50100B40F01806C1F8106BD1F8100B40F015
S3150800CC60C046C1F8106B012C09D1C1F8142B4FF43A
S3150800CC703060405840F080264FF43060465000201F
S3150800CC80DBE700000A30544F30B504460B4622460F
S3150800CC901978587801281ED102F5106000EB41106A
S3150800CCA0006820F4001502F5106000EB41100560DD
S3150800CCB01879032802D0187902282AD102F51060BB
S3150800CCC000EB4110006840F0805502F5106000EB5B
S3150800CCD0411005601DE002F5306000EB4110006868
S3150800CCE020F4001502F5306000EB41100560187954
S3150800CCF0032802D0187902280BD102F5306000EB20
S3150800CD004110006840F0805502F5306000EB411094
S3150800CD100560002030BD30B504460B46224619781A
S3150800CD205878012821D102F5106000EB41100068FF
S3150800CD3000F0004060B959B102F5106000EB4110EF
S3150800CD40006820F0804502F5106000EB4110056090
S3150800CD5002F5106000EB4110006840F4001502F57A
S3150800CD60106000EB4110056020E002F5306000EB32
S3150800CD704110006800F0004060B959B102F5306012
S3150800CD8000EB4110006820F0804502F5306000EBAA
S3150800CD904110056002F5306000EB4110006840F470
S3150800CDA0001502F5306000EB41100560002030BD2B
S3150800CDB02DE9F84381460E4617464D463478707875
S3150800CDC001287DD1B06920BB05F5106000EB441041
S3150800CDD00069C849084005F5106101EB441108616E
S3150800CDE005F5106000EB4410006940F4002105F5D4
S3150800CDF0106000EB4410016105F5106000EB44106B
S3150800CE000069C10CC90405F5106000EB4410016106
S3150800CE1055E005F5106000EB44100069C10CC90423
S3150800CE2005F5106000EB4410016105F5106000EB94
S3150800CE3044100069AF49084005F5106101EB44113B
S3150800CE400861F168B0690844401EB0FBF1F0A949D1
S3150800CE50C94301EAC04005F5106101EB44110969AF
S3150800CE60084305F5106101EB4411086105F51060EA
S3150800CE7000EB44100069B169C1F31201084305F5D6
S3150800CE80106101EB441108613079012817D105F5C5
S3150800CE90106000EB4410006920F0C04105F51060F1
S3150800CEA000EB4410016105F5106000EB44100069C1
S3150800CEB040F0005105F5106000EB4410016100E0F8
S3150800CEC07FE0012F36D1706928B105F5106000EBB7
S3150800CED0441071694161307901281ED140F6080075
S3150800CEE0405900F4807060B905F5106000EB4410F5
S3150800CEF0006840F0005105F5106000EB4410016031
S3150800CF000BE005F5106000EB4410006840F0805116
S3150800CF1005F5106000EB4410016005F5106000EBA4
S3150800CF204410006840F0044105F5106000EB441019
S3150800CF300160DCE005F5106000EB4410006840F085
S3150800CF40044105F5106000EB4410016030790128B2
S3150800CF500FD0B0690028ECD040F63400405931783B
S3150800CF6001F00F0201219140084340F6340148516F
S3150800CF70BDE040F60800405900F4807060B905F538
S3150800CF80106000EB4410006840F0005105F5106091
S3150800CF9000EB441001600BE005F5106000EB44104F
S3150800CFA0006840F0805105F5106000EB4410016000
S3150800CFB00097308B83B232784846316900F0BEFA62
S3150800CFC095E005F5306000EB44100069C10CC90412
S3150800CFD005F5306000EB4410016105F5306000EBA3
S3150800CFE0441000694349084005F5306101EB4411D6
S3150800CFF00861B069D0B905F5306000EB44100069E6
S3150800D000F168C1F31201084305F5306101EB4411DB
S3150800D010086105F5306000EB4410006940F4002112
S3150800D02005F5306000EB4410016128E0F168B0694D
S3150800D0300844401EB0FBF1F01FFA80F8F06800FBC8
S3150800D04008F0F06105F5306000EB441000692949E5
S3150800D050C94301EAC841084305F5306101EB4411AB
S3150800D060086105F5306000EB44100069F169C1F309
S3150800D0701201084305F5306101EB44110861012FDF
S3150800D08007D1306928B105F5306000EB44103169E5
S3150800D0904161307901281ED140F60800405900F454
S3150800D0A0807060B905F5306000EB4410006840F008
S3150800D0B0005105F5306000EB441001600BE005F502
S3150800D0C0306000EB4410006840F0805105F5306090
S3150800D0D000EB4410016005F5306000EB4410006871
S3150800D0E040F0044105F5306000EB44100160002073
S3150800D0F0BDE8F883FFFF07E078B5034600240094EF
S3150800D10000201A464C78012C35D10C7802F51065AA
S3150800D11005EB4414246804F00044B4F1004F60D1D0
S3150800D1200C7805EB4414246844F000660C7805EB8B
S3150800D130441426600C7805EB4414246844F08046B1
S3150800D1400C7805EB4414266000BF009C641C009410
S3150800D15042F21075009CAC4201D901200AE00C7815
S3150800D16002F5106505EB4414246804F00044B4F194
S3150800D170004FEAD035E00C7802F5306505EB44142B
S3150800D180246804F00044B4F1004F2AD10C7805EB6A
S3150800D1904414246844F000660C7805EB44142660B1
S3150800D1A00C7805EB4414246844F080460C7805EBAB
S3150800D1B04414266000BF009C641C009442F210755B
S3150800D1C0009CAC4201D901200AE00C7802F53065D2
S3150800D1D005EB4414246804F00044B4F1004FEAD087
S3150800D1E000BF78BD0146886840F0010088600020CD
S3150800D1F07047000008B501460020009000BF00985F
S3150800D200401C00900F4A0098904201D9032008BD9F
S3150800D210086900F000400028F1D000200090102096
S3150800D220086100BF0098401C0090064A009890428A
S3150800D23001D90320EBE7086900F010001028F1D0A7
S3150800D2400020E4E7400D030008B5024600200090E0
S3150800D25000BF0098401C0090104B0098984201D9D6
S3150800D260032008BD106900F000400028F1D0002016
S3150800D2700090202040EA8110106100BF0098401CF1
S3150800D2800090064B0098984201D90320E9E71069F7
S3150800D29000F020002028F1D00020E2E7400D03002E
S3150800D2A010B501460B4640F60804E45804F0060299
S3150800D2B00AB9002006E0022A01D0062A01D1022076
S3150800D2C000E00F2010BD0146486900F001007047D4
S3150800D2D001460B4640F61800C258001DC0580240C9
S3150800D2E090B2704701460B4640F61800C258001D1A
S3150800D2F0C0580240100C704770B5024613464FF4EA
S3150800D3000166F45840F63406F55801F00F0625FA7A
S3150800D31006F606F0010644EAC61403F5106606EB9F
S3150800D3204116B66806EA040070BD10B502461346F3
S3150800D33003F5306404EB4114A06840F61404E4587D
S3150800D340204010BD014648698A69104070472DE99A
S3150800D350F04104460D46274628464FEA920C02F04D
S3150800D360030300210AE04FF4805858F80780C0F8F4
S3150800D3700080401C401C401C401C491C6145F2D3DF
S3150800D3809BB100214FF4805858F8076000BF4FEA58
S3150800D390C10826FA08F880F80080491C401CA3F149
S3150800D3A001081FFA88F3002BF1D1BDE8F08170B5AA
S3150800D3B004460E460025E06820F0C040E060012ED5
S3150800D3C010D1E06840F00050E06000BF0120F6F799
S3150800D3D02BF96D1C2046FFF776FF012815D0322D54
S3150800D3E0F4D312E07EB9E06840F08040E06000BF08
S3150800D3F00120F6F719F96D1C2046FFF764FF20B1E6
S3150800D400322DF5D301E0012070BD322D01D1012066
S3150800D410FAE70020F8E710B502460B461146D1F8A0
S3150800D420000820F4FE60C1F80008D1F800084FF49F
S3150800D430FE6404EA03142043C1F80008002010BD66
S3150800D44002461346D3F800080843C3F8000800202C
S3150800D4507047000030B503461446022C49D12D48C2
S3150800D460814204D32C48814201D20F2245E02A4842
S3150800D470814204D32948814201D20E223DE0274841
S3150800D480814204D32648814201D20D2235E0244840
S3150800D490814204D32348814201D20C222DE021483F
S3150800D4A0814204D32048814201D20B2225E01E483E
S3150800D4B0814204D31D48814201D20A221DE01B483D
S3150800D4C0814204D31A48814201D2092215E018483C
S3150800D4D0814204D31748814201D208220DE015483B
S3150800D4E0814204D31448814201D2072205E006226C
S3150800D4F003E00CB9092200E00922D86820F470502C
S3150800D500D860D8684FF4705505EA82252843D86054
S3150800D510002030BDC0ACD800C0E1E4000024F4000F
S3150800D52080730601A0491A01002D310140A44C015F
S3150800D53000366E0120ABA6010048E8012DE9F0434C
S3150800D54004460D461E46DDF81CC0A0462946BCF119
S3150800D550000F12D1F01C870800230CE0D1F80090C8
S3150800D56008F5805000EB0230C0F80090491C491CB1
S3150800D570491C491C5B1CBB42F0D30020BDE8F08364
S3150800D58038B504460D4624480068A84209D82078CC
S3150800D59021490979884204D160781F494979884226
S3150800D5A001D0002038BD1C4801682046FBF739FC2D
S3150800D5B008B90020F6E71848214602681748F2F726
S3150800D5C090FE1648C07814490872144841681248F3
S3150800D5D0C1601248C17A10480175104881890E4801
S3150800D5E0C1820E48817B0C4801760C480189ADF84A
S3150800D5F00010807A8DF802000098FBF703FC00EE15
S3150800D600100AB8EEC00ADFED060A80EE201A0248B4
S3150800D61080ED041A0120C5E79C0100204026002061
S3150800D62000007A4400BFFEE770B504460D46207830
S3150800D630AA2808D1E07FBB2805D12A4621460348F7
S3150800D64002F01CFF00E070BD00BFFCE77810002068
S3150800D65070B504460D4629462046F3F781FF70BD8E
S3150800D6600FB41CB50246002007AC00290BD0491E92
S3150800D670CDE90021054B6A462146069801F026FAAF
S3150800D680009A002111701CBC5DF814FBFBF1000820
S3150800D69003B401984100009850EAC12018BF04203D
S3150800D6A04A0D18BF40F0010040F2FF72B2EB515F1D
S3150800D6B008BF40F00200012808BF052002B07047E5
S3150800D6C04100080218BF04200A0E18BF40F00100E6
S3150800D6D04FF07F4232EA010108BF40F002000128FC
S3150800D6E008BF05207047000002480068C0F3022002
S3150800D6F0704700000CED00E010B5002804DB0A07AF
S3150800D700130E054A135406E00A07140E034A00F0DE
S3150800D7100F031B1FD45410BD00E400E018ED00E011
S3150800D720EFF305807047EFF31080704710B54FF0A0
S3150800D7300E402DED028BB0EE408A18EE104A00EB33
S3150800D7404400B0F1506F4AD84FF0FC40B0EB440F9C
S3150800D75022D2B0EEC80AF7EE000A30EEC00AF6EE9C
S3150800D760000A60EE208A18EE900A07F0C3FD01EE63
S3150800D770100A14F0004F1DBFDFED2D0A9FED2D0A8C
S3150800D780B1EE411ADFED2C0A08BF9FED2C0AF8EE20
S3150800D790001A21EE218A05E0DFED290A68EE088ADB
S3150800D7A0B0EE600A9FED271ADFED271A30EE080A59
S3150800D7B048EE811A9FED251A08EEA11ADFED241A04
S3150800D7C048EE811A9FED231A08EEA11A68EE281A68
S3150800D7D0BDEC028B01EE810A30EE200A10BD4FF037
S3150800D7E0E440B0EB440F0CD918EE100AFFF768FFB7
S3150800D7F0042808BF00F0DEFFB0EE480ABDEC028B35
S3150800D80010BD4FF07F40B0EB440F07D2B0EE480A88
S3150800D810BDEC028BBDE8104000F0BEBF012001F050
S3150800D8208DF8BDEC028BBDE8104000F0BBBF0000D0
S3150800D8300000C9BF22AAFDB90000C93F22AAFD39C6
S3150800D8400000000024FE1C3DC78AD83C1E67383DF0
S3150800D8501B93993DAFAA2A3E10EE100A10B510EE9A
S3150800D860901A4FF0684202EB40032DED028BB3F19C
S3150800D870654F3CBF02EB4102B2F1654F7CD200BF57
S3150800D880C0F3C753C1F3C7529A1A1B2A09DD10F011
S3150800D890004F14BF9FED6E0A9FED6E0ABDEC028B1A
S3150800D8A010BD12F11A0F1BDA11F0004F09D010F053
S3150800D8B0004F0CBF9FED680A9FED680ABDEC028B0E
S3150800D8C010BD80EE208A18EE100AFFF7F9FE04282C
S3150800D8D008BF00F06FFFB0EE480ABDEC028B10BD22
S3150800D8E04200B2EB410F37D910F0004F19BFDFEDF8
S3150800D8F05C1A9FED5C1ADFED5C1A9FED5C1AB0EEC0
S3150800D900602A0A46F1EE400A80F00041B0EE420A6B
S3150800D91010460A1A5200B2F1807F34D2484010F0FD
S3150800D920004FDFED532A9FED533A1DBFBEEE002A86
S3150800D93071EEE21A31EE431AB6EE002A04BF71EE12
S3150800D940A21A31EE031AF0EE402A42EE602A40EEA1
S3150800D950020A82EEA02A18E011F0004F04BF9FEDDC
S3150800D960461AF0EE411AD4D010F0004F1CBFDFED76
S3150800D970431A9FED431A00E026E004BFDFED411A83
S3150800D9809FED411AC5E780EE202A22EE020ADFED56
S3150800D9903F0ADFED3F2ABDEC028B40EE202ADFED81
S3150800D9A03D0A40EE220ADFED3C2A40EE202ADFED52
S3150800D9B03B0A40EE220A22EE000A00EE201A31EE59
S3150800D9C0020A30EE210A10BD4FF07F42B2EB400F3B
S3150800D9D028BFB2EB410F05D2BDEC028BBDE8104063
S3150800D9E000F0DDBE40EA01035B0008BF41F0FF41DD
S3150800D9F00BD0B2EB400F08BFB2EB410F08D120F0B5
S3150800DA00804000EE100A21F0804100EE901A37E7B8
S3150800DA10B2EB400F12BF5FEA410240F0FF4001F04F
S3150800DA2000413FF42DAF4A0092EA40033FF528AF84
S3150800DA30002AACBF9FED1A1A9FED1A1A20EE010AAA
S3150800DA4060EE810A10EE100A10EE901A18E7000030
S3150800DA50DB0FC9BFDB0FC93FDB0F4940DB0F49C0EE
S3150800DA600000C9BF22AAFDB90000C93F22AAFD3994
S3150800DA700060ED3EC30ACE3700000000000049C032
S3150800DA8022AA7DBA0000494022AA7D3A2DAD65BD7D
S3150800DA908FB8D53D0FB511BE61C84C3EA8AAAABE1F
S3150800DAA00000804F0000802F10B52F499FED2C1BDA
S3150800DAB02DED020B84B0059820F000408842D8BFAF
S3150800DAC09DED040B2DDD2949884209D1049840B9FA
S3150800DAD04FF0010000F032FF00F03EFE06B010BD28
S3150800DAE005DB9DED040B00F02BFE06B010BD684665
S3150800DAF09DED040B00F03CFA10F0030004BF9DED09
S3150800DB00021B9DED000B0CD001280ED09DED021BCB
S3150800DB109DED000B022817D0012000F079FD06B014
S3150800DB2010BD00F041FC06B010BD9DED021B9DED39
S3150800DB30000B012000F06CFD51EC100B81F0004148
S3150800DB4006B041EC100B10BD00F02EFC51EC100B8A
S3150800DB5081F0004106B041EC100B10BD000000003A
S3150800DB600000000000000000FB21E93F0000F07FF4
S3150800DB7010EE101A08B5444A6846B2EB410F28D988
S3150800DB804FF0E640B0EB410F94BF00204FF0FF3056
S3150800DB9000900098002861DB60EE000A10F0010F83
S3150800DBA045D010F0020FDFED391A9FED391A00EE55
S3150800DBB0E11ADFED381A40EE811A21EEA01AF0EECE
S3150800DBC0400A40EE010A08BFF1EE600AB0EE600AAC
S3150800DBD008BD314B21F0004293423CD911F0004F69
S3150800DBE0DFED2E0A20EE201ADFED2D0A19BF31EEE1
S3150800DBF0601A71EE200A31EE201A71EE600ABDEE47
S3150800DC00E01A11EE100A9FED271A00F0030000EE45
S3150800DC10C10A9FED251A009000EEC10A9FED231A4E
S3150800DC2000EEC10A9FED221A00EEC10AB1E79FED88
S3150800DC30211A9FED210A10F0020F00EE810A9FEDCE
S3150800DC401F1A00EE801AB7EE000A00EE810A18BF06
S3150800DC50B1EE400A08BD00F0B5FD9AE710EE100ACD
S3150800DC604000B0F17F4F3CBFB7EE000A08BD07D1B0
S3150800DC704FF0010000F062FEBDE8084000F092BDDA
S3150800DC80BDE8084000F088BDB61F927E336D4C395A
S3150800DC90DA82083CA0AA2ABE490E494683F9223FE1
S3150800DCA00000004B0000C93F00A0FD390020A23348
S3150800DCB01A61342CB93AB2BACA9F2A3DDDFFFFBEB3
S3150800DCC02DED020B019820F0004001909DED000B10
S3150800DCD002B070470000000010B52F499FED2C1BBD
S3150800DCE02DED020B84B0059820F000408842DCBF79
S3150800DCF000209DED040B32DD2849884209D104989D
S3150800DD0040B94FF0010000F019FE00F025FD06B0FD
S3150800DD1010BD05DB9DED040B00F012FD06B010BD2D
S3150800DD2068469DED040B00F023F910F0030011D0AE
S3150800DD30012818D09DED021B9DED000B02281AD074
S3150800DD4000F032FB51EC100B81F0004106B041ECBB
S3150800DD50100B10BD9DED021B9DED000B012000F080
S3150800DD6057FC06B010BD9DED021B9DED000B00F0A3
S3150800DD701BFB06B010BD012000F04AFC51EC100B4D
S3150800DD8081F0004106B041EC100B10BD0000000008
S3150800DD900000000000000000FB21E93F0000F07FC2
S3150800DDA000B510EE101A2DED028B81B0524A684666
S3150800DDB0B2EB410F2ED94FF0E640B0EB410F94BFBE
S3150800DDC000204FF0FF3000900098B0EE408A0028FF
S3150800DDD06ADB10F0010F4BD068EE080A9FED471A70
S3150800DDE09FED470A00EE810A9FED461A10F0020FD2
S3150800DDF000EE801AB7EE000A00EE810A02BF01B0F3
S3150800DE00BDEC028B00BD00BF01B0B1EE400ABDEC0F
S3150800DE10028B00BD3C4B21F00042934241D911F0E0
S3150800DE20004FDFED3A0A20EE201ADFED390A19BF56
S3150800DE3031EE601A71EE200A31EE201A71EE600A90
S3150800DE40BDEEE01A11EE100A9FED321A00F003003B
S3150800DE5000EEC10A9FED301A009000EEC10A9FED50
S3150800DE602F1A00EEC10A9FED2E1A00EEC10AABE783
S3150800DE7028EE080A9FED2B1ADFED2B0A10F0020F89
S3150800DE8040EE410A9FED291A00EE201A61EE000ABB
S3150800DE90B0EE480A08EE200AB6D101B0BDEC028BF6
S3150800DEA000BD00F08FFC8FE718EE100A4000B0F1B5
S3150800DEB07F4F0DD218EE100AFFF702FC042808BFA0
S3150800DEC000F078FCB0EE480A01B0BDEC028B00BD4C
S3150800DED009D1012000F032FD01B0BDEC028B5DF8DE
S3150800DEE004EB00F05FBC01B0B0EE480ABDEC028B53
S3150800DEF05DF804EB00F050BCB61F927EB93AB2BA90
S3150800DF00CA9F2A3DDDFFFFBE490E494683F9223FD7
S3150800DF100000004B0000C93F00A0FD390020A233D5
S3150800DF201A61342C336D4C39DA82083CA0AA2ABE11
S3150800DF3010B52DED028BB1EEC08A18EE100A20F04E
S3150800DF400040C0F1FF40C00F0AD010EE100A20F0C2
S3150800DF500040C0F1FF40C00F04BF012000F0EEFCF6
S3150800DF60B0EE480ABDEC028B10BD000000000000B0
S3150800DF702DE9F14F04462DED020B2DED088B8AB0E5
S3150800DF809FEDE70B80ED020B139EE74826F0004550
S3150800DF9085420ADC9DED120B002084ED000B0AB0C9
S3150800DFA0BDEC088B03B0BDE8F08FE0489FEDE0AB11
S3150800DFB09FEDE1BBA84247DDE14F9FEDE39B9FED57
S3150800DFC0E48B9DED120B53EC1A2B51EC100B002E23
S3150800DFD01CDDF2F74BFA41EC100BBD4208D053ECAE
S3150800DFE01B2B51EC100BF2F741FAC4E900010BE0C8
S3150800DFF053EC192B51EC100BF2F738FA53EC182B9B
S3150800E000F2F734FAC4E900010120C8E7F2F78DF9FE
S3150800E01041EC100BBD4208D053EC1B2B51EC100BF6
S3150800E020F2F783F9C4E900010BE053EC192B51EC24
S3150800E030100BF2F77AF953EC182BF2F776F9C4E9D4
S3150800E04000014FF0FF30AAE7C348A84279DB9DEDEF
S3150800E050120B51EC100B02F0E0FB41EC180B9FED94
S3150800E060C00B53EC102BF2F707FA9FEDBF1B53ECCE
S3150800E070112BF2F75AF9F2F77CFC0746F2F7F3FA96
S3150800E08041EC190B53EC1A2BF2F7F6F953EC182B53
S3150800E090F2F7EFF941EC180B53EC1B2B51EC190B6B
S3150800E0A0F2F7EAF9DFF8C8A241EC100B4FEA155867
S3150800E0B00125FA4453EC102B51EC180BF2F7D6F95C
S3150800E0C0032DC4E900013DD0C1F30A5005EB451103
S3150800E0D0A8EB00001139814234DA0AEB051BB0EED1
S3150800E0E048AA9BED000BF0EE68AA53EC102B51ECF6
S3150800E0F0190BF2F7C1F941EC1B0B51EC1A0B53EC57
S3150800E1001B2BF2F7B3F941EC180B51EC1A0B53EC35
S3150800E110182BF2F7ABF953EC1B2BF2F7A7F99BED8B
S3150800E120020B41EC1A0B53EC102B51EC190BF2F7BE
S3150800E130A3F953EC1A2BF2F799F941EC100B6D1C65
S3150800E140B8E70EE0002EA8BF3846BFF628AF94ED14
S3150800E150000B51EC100B81F00041C4E90001784234
S3150800E1601DE7C6F3130040F4801EC6F30A50A0F25A
S3150800E170F530471100F01F05C5F12000DDF848B05D
S3150800E18008900020069007900520EC467949002D56
S3150800E19007EB0002794408BF51F8221009D051F85C
S3150800E1A0223001EB8201AB404A68089922FA01F154
S3150800E1B01943A1FB0E26A1FB0B131A449A4234BF3E
S3150800E1C00123002303EB06080CEB8003D3E901A621
S3150800E1D00E448E4234BF0121002192448A4411B173
S3150800E1E0924502D903E0924501D2012100E00021BF
S3150800E1F0C3E901A641444CF82010011EA0F1010014
S3150800E200C4DC029800F10050850F0298DDE9036727
S3150800E2108000DDF81480F2F726FA41EC1A0B304636
S3150800E220F2F7F0FB9FED541B53EC112BF2F724F990
S3150800E23041EC1B0B3846F2F7E5FB9FED511B53ECFF
S3150800E240112BF2F719F941EC180B4046F2F7DAFBF5
S3150800E2509FED4D1B53EC112BF2F70EF941EC190B00
S3150800E26051EC180B53EC192BF2F75FF853EC1B2BF8
S3150800E270F2F75BF853EC1A2BF2F757F8CDE90801D9
S3150800E280002008909DED080B53EC1A2B51EC100B4F
S3150800E290F2F7ECF853EC1B2BF2F7E8F853EC182BD3
S3150800E2A0F2F7E4F853EC192BF2F7E3F89FED381B75
S3150800E2B053EC112BF2F7E0F89FED370B41EC180BF6
S3150800E2C053EC102B9DED080B51EC100BF2F7D4F81C
S3150800E2D053EC182BF2F729F89FED310B41EC180B8C
S3150800E2E053EC102B9DED080B51EC100BF2F7C4F80C
S3150800E2F053EC182BF2F719F841EC100B139810F0A1
S3150800E300004F06D06D4251EC100B81F0004141ECF4
S3150800E310100B284684ED000B41E6000000000000C3
S3150800E3200000000000000000FB21E93F7CD9024004
S3150800E33000004054FB21F93F3163621A61B4D03DB5
S3150800E340FB21F93F000000000000601A61B4D03DCF
S3150800E3507370032E8A19A33BFB2139410000000084
S3150800E36083C8C96D305FE43F000000000000E03F4D
S3150800E37042900000908F0000000000000000103E50
S3150800E380000000000000103C000000000000103AE9
S3150800E390182D4454FB21F93D3326A611460B113C92
S3150800E3A000000054FB21F93D10B52DED040B2DEDB1
S3150800E3B0088B82B0B0EE419AF0EE619A0B9820F085
S3150800E3C000449FED4BABB4F1795F11DA9DED0A0B72
S3150800E3D051EC100BF2F7CDFA002801BFB0EE4A0A4D
S3150800E3E0F0EE6A0A02B0BDEC088B04BF04B010BD9B
S3150800E3F09DED0A0B53EC102B51EC100BF2F73CF881
S3150800E40041EC180B3C480621B0EE480AF0EE680AC3
S3150800E410784400F081F853EC182B51EC100BF2F706
S3150800E4202BF89DED0A0B41EC1B0B53EC192B51EC09
S3150800E430100BF2F721F841EC190B53EC1B2B51EC9E
S3150800E440180BF2F719F853EC192BF2F70FF89FEDA2
S3150800E4502C0B41EC190B53EC102B51EC180BF2F763
S3150800E4600BF841EC100B2848844210DA53EC192BB0
S3150800E47051EC100BF1F7FAFF53EC1A2BF1F7F9FFF1
S3150800E48041EC100B02B0BDEC088B04B010BD1F4860
S3150800E490A042BCBF9FED1E1B8DED001B06DBA4F53D
S3150800E4A000100190002000909DED001B51EC100B10
S3150800E4B053EC112BF1F7DAFF9DED000B41EC180B2D
S3150800E4C053EC102B51EC1A0BF1F7D0FF41EC1A0B59
S3150800E4D053EC192B51EC180BF1F7C8FF53EC1A2B18
S3150800E4E0F1F7C7FF41EC100BCCE700000000000075
S3150800E4F0000000000000F03FB48C0000000000009F
S3150800E500000000000000E03F3333D33F0000E93F3E
S3150800E510000000000000D23F70B504462DED028BC6
S3150800E5204D1E00EBC500B0EE408AF0EE608A90ED15
S3150800E530000B35F0060017D053EC182B51EC100BD6
S3150800E540F1F79AFF41EC100B6D1E04EBC50090ED38
S3150800E550001B51EC100B53EC112BF1F7E6FE41ECC6
S3150800E560100B35F00600E7D1022D36D0042D1CD04D
S3150800E570062D1CBFBDEC028B70BD53EC182B51EC5D
S3150800E580100BF1F779FF94ED0A1B53EC112BF1F7F9
S3150800E590CCFE53EC182BF1F76FFF94ED081B53ECE8
S3150800E5A0112BF1F7C2FE41EC100B53EC182B51EC72
S3150800E5B0100BF1F761FF94ED061B53EC112BF1F7E5
S3150800E5C0B4FE53EC182BF1F757FF94ED040B53ECFC
S3150800E5D0102BF1F7AAFE41EC100B53EC182B51EC5B
S3150800E5E0100BF1F749FF94ED021B53EC112BF1F7D1
S3150800E5F09CFE53EC182BF1F73FFF94ED001B53ECF0
S3150800E600112BF1F792FEBDEC028B41EC100B70BD9D
S3150800E61031B504462DED040B2DED0A8BB0EE41BA4B
S3150800E620F0EE61BA0B989DED0A0B20F00040B0F1B0
S3150800E630795F0DDA51EC100BFFF72AF8042808BFAA
S3150800E64000F09AF89DED0A0BBDEC0A8B05B030BDBB
S3150800E65053EC102B51EC100BF1F70EFF41EC180B95
S3150800E6609DED0A0B53EC182B51EC100BF1F704FF38
S3150800E67041EC190B2C48B0EE480AF0EE680A052161
S3150800E6807844FFF749FF9FED2ACBB0EE40AAF0EE9B
S3150800E69060AA9CB353EC1C2B51EC190BF1F7ECFE5A
S3150800E6A041EC1C0B53EC1A2B51EC190BF1F7E4FE59
S3150800E6B09FED210B41EC190B53EC102B51EC1B0B66
S3150800E6C0F1F7DAFE53EC192BF1F7D0FE53EC182BC1
S3150800E6D0F1F7D2FE53EC1B2BF1F7C8FE53EC1C2BBB
S3150800E6E0F1F7C4FE9DED0A1B53EC112BF1F7C1FEA1
S3150800E6F0BDEC0A8B05B041EC100B30BDFFE753ECBF
S3150800E7001A2B51EC180BF1F7B7FE53EC1C2BF1F74B
S3150800E7100CFE53EC192BF1F7AFFE9DED0A1B53ECDB
S3150800E720112BF1F702FEE3E75C8B00000000000006
S3150800E730495555555555C5BF000000000000E03F36
S3150800E74010B553EC102B51EC100BF1F7EEFD41EC24
S3150800E750100B10BD000000009FED050B10B553EC23
S3150800E760102B51EC100BF1F7F9FE41EC100B10BD14
S3150800E77000000000000000009FED050B10B553ECEB
S3150800E780102B51EC100BF1F777FE41EC100B10BD76
S3150800E790000000000000001030EE000A704730EE5E
S3150800E7A0200A7047DFED020A80EEA00A70470000D3
S3150800E7B0000000009FED020A20EE000A70470000E4
S3150800E7C0000000102DE9F0014FF07F42B2EB410F37
S3150800E7D09FBF4FF0FF310160BDE8F00170474FF071
S3150800E7E0004242EA0123C1F3C752783A551112F0A2
S3150800E7F01F0C434CCCF120067C44C1F3C752A2F14E
S3150800E80078024FEA621204EB820254F8254008BFE8
S3150800E810D2E9015612D0556804FA0CF425FA06F71F
S3150800E8203C43976805FA0CF527FA06F8D26807FA02
S3150800E8300CFCF24045EA08054CEA0206A4FB034C28
S3150800E840A5FB0352A6FB03631D449D4234BF012664
S3150800E85000261319334416B1934202D903E09342B2
S3150800E86001D2012200E00022624402F1200C920645
S3150800E870DC0C42EA443200EE102A5B03DFED210A83
S3150800E880F8EEC01A00EE103A4FEA9C1C11F0004F41
S3150800E890B8EE400AC0F800C020EE201A00EE105A62
S3150800E8A0DFED190AB8EE400A20EE200A71EE810A59
S3150800E8B070EE800A10EE902A02F500626FF30B02E2
S3150800E8C000EE902A70EEE11A31EEC11ADFED101A49
S3150800E8D030EE411A9FED0D0A20EE800A01EE210A5C
S3150800E8E09FED0C1A00EE810A04BFBDE8F0017047DF
S3150800E8F0CCF180510160BDE8F001B1EE400A7047E5
S3150800E900C4890000000000360000802C22AAFD29D8
S3150800E910DB0FC92F0000C92F02E008C8121F08C163
S3150800E920002AFAD170477047002001E001C1121F82
S3150800E930002AFBD1704780F31088704701490860A8
S3150800E940704700009C0300202DE9FF5F82B000217C
S3150800E950DDE90430020DDDF840B0034318D044F673
S3150800E9601050A2F2FF3242431514119801281FD005
S3150800E970A5EB0B00401C5FEA000A4FF000064E4F5D
S3150800E980DFF83891B046504615D5CAF1000413E0B1
S3150800E990119801244AA3012801D16FEA0B010298B4
S3150800E9A0119AC0E90031C0E9024206B0BDE8F09FFD
S3150800E9B0CBF10000DFE704460021404A491842EB44
S3150800E9C00450CDE9001012E0E00707D032463B4676
S3150800E9D040464946F1F750FD8046894632463B4651
S3150800E9E010461946F1F748FD06460F466410002CF6
S3150800E9F0EAD1DDE90401DDE90023BAF1000F06DA00
S3150800EA00F1F73AFD42464B46F1F736FD05E0F1F7D8
S3150800EA10A5FD42464B46F1F7A1FD04460E460022E7
S3150800EA20284BF1F797FE03D84FF0FF30014607E071
S3150800EA300022254B20463146F1F777FCF1F7B8FF5F
S3150800EA40102409E0002C0ADB0A220023F1F718FC3F
S3150800EA50039B30321A55641E50EA0102F2D1641C37
S3150800EA60039AC4F111031444119A012A03D001220E
S3150800EA7008430DD10AE0084304D000204FF0110BDB
S3150800EA80119072E7A3EB0B056D1E0DE05B4504DDE7
S3150800EA904FF0000205F1010504E003DA4FF0000229
S3150800EAA0A5F10105002AECD002981199C0E90231B6
S3150800EAB0C0E9004579E70000000014400000F03F77
S3150800EAC0300000000000F0430000E03F2DE9FF4F52
S3150800EAD095B09B468946064600250FE2252877D13C
S3150800EAE000242746F84A0121059400E0044316F855
S3150800EAF0013F203B01FA03F01042F7D130782A286B
S3150800EB0011D06FF02F033078A0F13002092A16D8F9
S3150800EB10059A44F0020402EB820203EB4202104417
S3150800EB20761C0590EFE759F8042B0592002A03DABC
S3150800EB30504244F40054059044F00204761C3078A0
S3150800EB402E2816D116F8010F44F004042A280DD0F1
S3150800EB506FF02F023078A0F13003092B09D807EBA4
S3150800EB60870302EB4303C718761CF3E759F8047BBF
S3150800EB70761C30786C280FD006DC4C2817D068280D
S3150800EB800DD06A2814D104E0742810D07A280FD141
S3150800EB900DE044F400140AE044F4801401E044F45F
S3150800EBA040147278824202D104F58014761C761CD1
S3150800EBB0307866280BD013DC582877D009DC002873
S3150800EBC075D04528F6D04628F4D047281AD19DE1B5
S3150800EBD018E0632835D0642879D0652812D195E1E4
S3150800EBE0702873D008DC6728F1D069286FD06E28A2
S3150800EBF00DD06F2806D1B5E073282CD0752875D0AE
S3150800EC00782874D05A46179990476D1C75E1C4F355
S3150800EC100250022809D003280DD0D9F8001004287C
S3150800EC200DD00D6009F1040967E1D9F80010EA175B
S3150800EC30C1E90052F6E7D9F800100D80F2E70D7029
S3150800EC40F0E719F8041B8DF8001000208DF8010074
S3150800EC50EA46012003E059F804AB4FF0FF3061079C
S3150800EC604FF0000102D40DE008F101018846B942CF
S3150800EC700FDA8045F8DB1AF808100029F4D108E005
S3150800EC8008F1010188468142FADB1AF808100029C2
S3150800EC90F6D105985B46A0EB080721463846179A31
S3150800ECA000F094FA284400EB080507E04DE029E156
S3150800ECB00DE01AF8010B5A4617999047B8F1010862
S3150800ECC0F7D25B4621463846179A13E142E00A22F4
S3150800ECD00092C4F302524FF0000A022A08D059F8EB
S3150800ECE004CB032A4FEAEC710AD00DE029E02AE0AA
S3150800ECF009F1070121F00702F2E802C1914609E08D
S3150800ED000FFA8CFC4FEAEC71042A03D14FFA8CFCFB
S3150800ED104FEAEC71002907DA0A460021DCF1000CFB
S3150800ED2061EB02012D2202E0220504D52B228DF883
S3150800ED300420012203E0E20701D02022F7E79046EB
S3150800ED4059E00A2102E010220DE010214FF0000AD6
S3150800ED5000910BE010224FF0000A44F00404082743
S3150800ED60009203E008224FF0000A0092C4F3025210
S3150800ED70022A05D059F804CB0021032A08D009E055
S3150800ED8009F1070121F00702F2E802C1914605E000
S3150800ED901FFA8CFC042A01D10CF0FF0C4FF0000876
S3150800EDA0220728D5702806D0009B83F0100353EA63
S3150800EDB00A0305D00EE040228DF80420012208E05F
S3150800EDC05CEA010206D030228DF804208DF8050091
S3150800EDD002229046009B83F0080353EA0A030AD1ED
S3150800EDE05CEA010201D1620705D530228DF80420BC
S3150800EDF04FF001087F1E582804D034A003900EA8AF
S3150800EE0002900DE036A0F9E753466046009AF1F7FE
S3150800EE1037FA84460398825C0298401E0290027074
S3150800EE205CEA0100F0D1029806A9081A00F1200A46
S3150800EE30600702D524F4803400E00127574502DD37
S3150800EE40A7EB0A0000E0002000EB0A0100900598F5
S3150800EE504144401A0590E00306D45B462146179ABA
S3150800EE60059800F0B3F90544002706E001A85A46BC
S3150800EE70C05D179990476D1C7F1C4745F6DBE0037C
S3150800EE800CD55B462146179A059800F09FF905446C
S3150800EE9004E030205A46179990476D1C0099481E81
S3150800EEA000900029F5DC08E0029802995A46007895
S3150800EEB0491C0291179990476D1CBAF10001AAF1F5
S3150800EEC0010AF1DC65E1000009280100303132331E
S3150800EED03435363738396162636465660000000088
S3150800EEE03031323334353637383941424344454672
S3150800EEF00000000000F058F90544761C3078002818
S3150800EF007FF4ECAD19B02846BDE8F08F620700D44F
S3150800EF10062709F1070222F0070CFCE80223E1465E
S3150800EF2003F000485FEA080C02D00FF2702C0DE0DF
S3150800EF305FEA045C02D50FF2682C07E05FEAC47C3E
S3150800EF4002D00FF2602C01E0AFF2700C4FF0FF38E0
S3150800EF5023F00043CDF850C065280CD006DC4528C0
S3150800EF6009D046281DD047283DD13DE0662818D04F
S3150800EF7067287ED138E00021112F01DB112000E03F
S3150800EF80781CCDE9000106A90EA8FFF7DDFCDDE92E
S3150800EF900F010E9A03910021009207F1010A0491CC
S3150800EFA04DE04FF000400097CDE9011006A90EA8E4
S3150800EFB0FFF7CAFCDDE90F0203920E9B11990022A6
S3150800EFC0DDF80CA00093049211B9791C00EB010A34
S3150800EFD0B7EB0A0004D4C0F1FF3007F1010A049028
S3150800EFE0AAEB0700019044E0012F00DA012700216F
S3150800EFF0112F01DD112000E03846CDE9000106A9F0
S3150800F0000EA8FFF7A1FCDDE90F010E9A0391002176
S3150800F01004910092BA4621070CD40399514500DAA7
S3150800F0208A46BAF1010F05DD009AAAF10101515C81
S3150800F030302908D0B84202DA10F1040F06DA0121A5
S3150800F040CDE9011015E0AAF10101E9E7002805DC80
S3150800F050049901440491AAEB000102E0411C5145C0
S3150800F06000DD8A460499401A401C01904FF0004082
S3150800F0700290200704D40198504501DBCDF804809E
S3150800F08000208DF84F0002980DF14F07B0F1004FA0
S3150800F09025D02B200E9002984FF0020800280CDA93
S3150800F0A0404202902D200E9007E00A210298F1F7BF
S3150800F0B085FB3031029007F8011DB8F10001A8F16F
S3150800F0C00108F2DC02980028EFD1791E0E98087024
S3150800F0D0307800F0200040F0450007F8020D12A82D
S3150800F0E0C01B00F107081498007800B1012000EB56
S3150800F0F00A01019801EBE07105984144401A401E47
S3150800F1000590E00306D45B462146179A059800F059
S3150800F1105DF805441498007818B15A46179990472F
S3150800F1206D1CE00324D55B462146179A059800F026
S3150800F1304DF805441CE00498002807DBDDE90301C7
S3150800F140884203DD0098405C179901E01799302042
S3150800F1505A469047049805F10105401C0490019809
S3150800F160401E019004D12E205A46179990476D1CCF
S3150800F170BAF10001AAF1010ADDDC05E017F8010B76
S3150800F1805A46179990476D1CB8F10001A8F1010875
S3150800F190F4DC5B462146179A0598ABE62D0000007D
S3150800F1A02B000000200000002DE9F0410446002550
S3150800F1B01E461746880404D405E039462020B04781
S3150800F1C06D1C641EF9D52846BDE8F0812DE9F0418D
S3150800F1D0044600251E469046C80301D5302700E0A0
S3150800F1E02027880404D505E041463846B0476D1CFB
S3150800F1F0641EF9D52846BDE8F0814A68002A06D07B
S3150800F2000A68531C0B6010704868401E48607047B7
S3150800F21070B52DED028B8AB005460C4616460DB123
S3150800F22004B11EB90AB0BDEC028B70BD94ED000A9C
S3150800F230B5EEC00AF1EE10FA0DD194ED010AB5EE5D
S3150800F240C00AF1EE10FA06D194ED020AB5EEC00A2C
S3150800F250F1EE10FA7DD09FED600AB0EE408A0020EC
S3150800F2600790089009900490059006905B4A07CA93
S3150800F27001AB07C395ED010AD5ED030A20EE200A76
S3150800F280D5ED000A95ED021A00EEC10AF0EE000A65
S3150800F29020EE200A8DED070A95ED000AD5ED010A44
S3150800F2A020EE200AD5ED020A95ED031A00EE810A32
S3150800F2B0F0EE000A20EE200A8DED080A95ED000A08
S3150800F2C020EE000AD5ED030A95ED031A00EE810A31
S3150800F2D0F7EE000AB0EE001A51EE000ACDED090A63
S3150800F2E001AB22463146284600F07AF8D4ED000AEA
S3150800F2F060EEA00A94ED011AD4ED011A41EE210A36
S3150800F30094ED021AD4ED021A41EE210AB0EE600A13
S3150800F310F1F754FDB0EE408A94ED000A20EE080A93
S3150800F32084ED000A94ED010A20EE080A84ED010A2C
S3150800F33094ED020A20EE080A84ED020A94ED010A09
S3150800F340DDED090A20EE200AD4ED020A9DED081A21
S3150800F35000E03EE000EEC10A8DED040A94ED020AD3
S3150800F360DDED070A20EE200AD4ED000A9DED091A04
S3150800F37000EEC10A8DED050A94ED000ADDED080AD6
S3150800F38020EE200AD4ED010A9DED071A00EEC10A07
S3150800F3908DED060A96ED000ADDED010A9DED041ACB
S3150800F3A000EE810A86ED000A96ED010ADDED020AF5
S3150800F3B09DED051A00EE810A86ED010A96ED020A10
S3150800F3C0DDED030A9DED061A00EE810A86ED020AB6
S3150800F3D000BF00BF26E7000000000000BC7001085F
S3150800F3E02DE9F0412DED048B07460D4614461E46C1
S3150800F3F09FED580AB0EE409A9FED560AB0EE408A45
S3150800F4009FED540AF0EE408AD4ED000A60EEA00A99
S3150800F41094ED011AD4ED011A41EE210A94ED021A6F
S3150800F420D4ED021A41EE210AB0EE600AF1F7C6FCE5
S3150800F430F7EE000A80EE801AB0EE419AD5ED000A82
S3150800F440B0EE600AF1F750FBF0EE409AD5ED010AEE
S3150800F450B0EE600AF1F748FB79EE809AD5ED020A1C
S3150800F460B0EE600AF1F740FB39EE800AF0EE408A0A
S3150800F4703948D0ED000A79EE600AB0EE600AF1F775
S3150800F48033FBB0EE408A9FED350AB4EEC08AF1EE42
S3150800F49010FA06DC9FED320AF4EEC08AF1EE10FA95
S3150800F4A053DD9FED2C2AB0EE420A9FED2A2AF0EE94
S3150800F4B0421AB7EE002AF0EE420A9FED262AB0EE6F
S3150800F4C0421AB5EEC08AF1EE10FA05DD9FED232A41
S3150800F4D0C2EE082AB0EE620A9FED222AB4EEC20AEC
S3150800F4E0F1EE10FA03D29FED1B2AB0EE420AF5EEB2
S3150800F4F0C08AF1EE10FA05DD9FED192AC2EE282A18
S3150800F500F0EE621AB7EE002AB4EEC20AF1EE10FA6D
S3150800F51003D220EE802AF0EE420AB7EE002AF4EE75
S3150800F520C21AF1EE10FA03D220EEA12AF0EE420A30
S3150800F5309FED0D2A20EE822AB0EE421A86ED001AB9
S3150800F54086ED011A86ED021A00BFBDEC048BBDE8F4
S3150800F550F08100000000000098030020CDCCCC3DCF
S3150800F5608FC2F53D9A99993ECDCC4C3E10B52DEDFE
S3150800F570048B86B00446B0EE408AF0EE608AB0EEA0
S3150800F580419A002003900490059000900190029003
S3150800F590B0EE000AC8EE000AF0EE609AB0EE690A0C
S3150800F5A0F1F784FA8DED030AB0EE000AC8EE800A78
S3150800F5B0F0EE609AB0EE690AF1F778FA8DED040A72
S3150800F5C0B0EE000AC9EE000AF0EE609AB0EE690ADB
S3150800F5D0F1F76CFA8DED050AB0EE000AC8EE000ADE
S3150800F5E0F0EE609AB0EE690AF1F7FAFB8DED000AC3
S3150800F5F0B0EE000AC8EE800AF0EE609AB0EE690A2C
S3150800F600F1F7EEFB8DED010AB0EE000AC9EE000A2D
S3150800F610F0EE609AB0EE690AF1F7E2FB8DED020AA8
S3150800F6209DED050ADDED040A20EE200ADDED030A4C
S3150800F63020EE200ADDED020A9DED011A60EE810A30
S3150800F6409DED001A00EE810A84ED000A9DED020A7E
S3150800F650DDED040A20EE200ADDED030A20EE200A7D
S3150800F660DDED050A9DED011A60EE810A9DED001A91
S3150800F67000EEC10A84ED010A9DED050ADDED010AD9
S3150800F68020EE200ADDED030A20EE200ADDED020A4F
S3150800F6909DED041A60EE810A9DED001A00EE810ABE
S3150800F6A084ED020A9DED050ADDED040A20EE200A26
S3150800F6B0DDED000A20EE200ADDED020A9DED011AB5
S3150800F6C060EE810A9DED031A00EEC10A84ED030A75
S3150800F6D006B0BDEC048B10BD00B595B01D225A4985
S3150800F6E06846F0F7FEFD2D225749103909A8F0F7AC
S3150800F6F0F8FD09A80FC8F2F745F80A2003F040F804
S3150800F7001D2252496846F0F7ECFD2D224F49103963
S3150800F71009A8F0F7E6FD09A80FC8F2F733F80A209A
S3150800F72003F02EF81D224A496846F0F7DAFD2D2225
S3150800F7304749103909A8F0F7D4FD09A80FC8F2F708
S3150800F74021F80A2003F01CF81D2242496846F0F702
S3150800F750C8FD2D223F49103909A8F0F7C2FD09A8AE
S3150800F7600FC8F2F70FF80A2003F00AF81D223A49E3
S3150800F7706846F0F7B6FD2D223749103909A8F0F783
S3150800F780B0FD09A80FC8F1F7FDFF0A2002F0F8FF3F
S3150800F7901D2232496846F0F7A4FD2D222F4910395B
S3150800F7A009A8F0F79EFD09A80FC8F1F7EBFF0A2094
S3150800F7B002F0E6FF1D222A496846F0F792FD2D223F
S3150800F7C02749103909A8F0F78CFD09A80FC8F1F7E1
S3150800F7D0D9FF0A2002F0D4FF1D2222496846F0F715
S3150800F7E080FD2D221F49103909A8F0F77AFD09A8CE
S3150800F7F00FC8F1F7C7FF0A2002F0C2FF1D221A49F7
S3150800F8006846F0F76EFD2D221749103909A8F0F75A
S3150800F81068FD09A80FC8F1F7B5FF0A2002F0B0FF86
S3150800F8201D2212496846F0F75CFD2D220F49103952
S3150800F83009A8F0F756FD09A80FC8F1F7A3FF0A2093
S3150800F84002F09EFF15B000BDE11100200E12002047
S3150800F8503B1200206812002095120020C2120020D8
S3150800F860DF1300200C140020391400206614002031
S3150800F87070B500240025F1F7DBFB8020F1F7FCFCCE
S3150800F8805520F1F7F9FC5520F1F7F6FC0546F1F796
S3150800F890C5FB9620F1F7FAFBF1F7CAFB8020F1F7D2
S3150800F8A0EBFC5520F1F7E8FC5520F1F7E5FC054699
S3150800F8B0F1F7B4FB9620F1F7E9FBF1F7B9FBB621AE
S3150800F8C07E20F1F7E9FCF1F7A9FB0120F1F7D1FB5E
S3150800F8D0F1F7AEFB8020F1F7CFFC5520F1F7CCFC11
S3150800F8E05520F1F7C9FC0546F1F798FB9620F1F784
S3150800F8F0CDFBF1F79DFB8020F1F7BEFC5520F1F713
S3150800F900BBFC5520F1F7B8FC0546F1F787FB9620B6
S3150800F910F1F7BCFB00BF34E0F1F78AFB04EB4402C5
S3150800F9201A4B1A44517804EB4402985CF1F7B4FC7C
S3150800F930F1F774FB9620F1F7A9FBF1F779FB04EBD5
S3150800F9404401124A515C41F08000F1F795FC5520BC
S3150800F950F1F792FC5520F1F78FFC0546F1F75EFBAF
S3150800F9609620F1F793FB04EB4400084908444078D5
S3150800F970A84204D004EB44000844807870BD601C9B
S3150800F980C4B2062CC8DB0020F8E700007801002086
S3150800F99038B5002400200090F1F760FB6946002086
S3150800F9A0F1F75DFCF1F750FB9620F1F76FFBF1F7E5
S3150800F9B055FB69460020F1F752FCF1F745FB962006
S3150800F9C0F1F764FBF1F74AFBB6211420F1F764FC62
S3150800F9D0F1F73AFB0120F1F74CFBF1F73FFB6946DB
S3150800F9E00020F1F73CFCF1F72FFB9620F1F74EFBD0
S3150800F9F0F1F734FB69460020F1F731FCF1F724FBF7
S3150800FA009620F1F743FB9DF800000F2801D0FF2050
S3150800FA1038BD00242FE0F1F721FB04EB4402184B14
S3150800FA201A44517804EB4402985CF1F735FCF1F777
S3150800FA300BFB9620F1F72AFBF1F710FB04EB4401C8
S3150800FA400F4A505C6946F1F70AFCF1F7FDFA962071
S3150800FA50F1F71CFB04EB44000949084440789DF87B
S3150800FA600010884205D004EB440005490844807814
S3150800FA70CEE7601CC4B2062CCDDB0020C8E7000028
S3150800FA808A01002010B5012011490862002088610A
S3150800FA900120C8610020086048608860C860486125
S3150800FAA008610C48F2F7DEFE0A48F3F712FB02215A
S3150800FAB00848F2F717FE06490748F2F7D3FE064844
S3150800FAC0F3F707FB02210448F2F70CFE10BD00000D
S3150800FAD0D46F0020846F0020AC6F0020014890EDA1
S3150800FAE0010A704798100020044902680A6091EDDF
S3150800FAF0000A034981ED010A704700002000002032
S3150800FB00981000201CB540F206300C490860002009
S3150800FB108860C86008200861094800788DF80000E8
S3150800FB2007484078ADF8020006480099016001AB25
S3150800FB30024602490448F2F7EAFD1CBDA41000205B
S3150800FB409810002024000020846F002010B52DEDA9
S3150800FB50088B9CB0FC480068012837D19FEDFB2A2A
S3150800FB60DFEDFB1AB7EE081ADFEDFA0AB0EE000A67
S3150800FB70F94802F0BFFF9FEDF52ADFEDF51AB7EE5B
S3150800FB80081ADFEDF40AB7EE080AF348383002F02F
S3150800FB90B1FF9FEDEE2ADFEDEE1AB7EE081ADFED9C
S3150800FBA0ED0AB7EE080AEC48703002F0A3FF9FEDA5
S3150800FBB0E72ADFEDE71AB7EE081ADFEDE60AB0EE38
S3150800FBC0000AE548A83002F095FF72E0E34880791C
S3150800FBD0022837D19FEDDD2ADFEDDD1A9FEDE01A09
S3150800FBE0DFEDE00A9FEDE00ADB4802F083FF9FEDB8
S3150800FBF0D72ADFEDD71A9FEDDA1ADFEDDA0A9FED7D
S3150800FC00DA0AD548383002F075FF9FEDD02ADFEDC5
S3150800FC10D01A9FEDD31ADFEDD30A9FEDD30ACE484B
S3150800FC20703002F067FF9FEDC92ADFEDC91A9FED14
S3150800FC30CC1ADFEDCC0A9FEDCC0AC748A83002F0F3
S3150800FC4059FF36E09FEDC12ADFEDC11A9FEDC71AAD
S3150800FC50DFEDC40A9FEDC60ABF4802F04BFF9FEDD1
S3150800FC60BB2ADFEDBB1A9FEDC11ADFEDBE0A9FED79
S3150800FC70C00AB948383002F03DFF9FEDB42ADFEDDF
S3150800FC80B41A9FEDBA1ADFEDB70A9FEDB90AB24862
S3150800FC90703002F02FFF9FEDAD2ADFEDAD1A9FED14
S3150800FCA0B31ADFEDB00A9FEDB20AAB48A83002F0EE
S3150800FCB021FFB048D0ED090AB0EE600A05F07EFED5
S3150800FCC0AC48D0ED0A0AB0EE600A001D05F076FED3
S3150800FCD0A848D0ED0B0AB0EE600A083005F06EFEB3
S3150800FCE0002000F027FC012000F024FC022000F090
S3150800FCF021FC032000F01EFC9E4890ED000AD0ED82
S3150800FD00010A30EE600AD0ED020A30EE200A9A485F
S3150800FD1080ED000A974890ED000AD0ED010A30EE12
S3150800FD20200AD0ED020A30EE200A934880ED010A37
S3150800FD30904890ED000AB1EE400AD0ED010A30EE87
S3150800FD40200AD0ED020A30EE200A8B4880ED020A1E
S3150800FD50884890ED000AB1EE400AD0ED010A30EE6F
S3150800FD60600AD0ED020A30EE200A834880ED030AC5
S3150800FD70D0ED010AB0EE001A80EE810AD0ED020A33
S3150800FD80B0EE001AC0EE811A30EE610A794880EDAD
S3150800FD90030A7948D0ED010AB0EE001A80EE810A0E
S3150800FDA0D0ED000AB0EE001AC0EE811A30EE610AF4
S3150800FDB0704880ED040A7048D0ED000AB0EE001ACB
S3150800FDC080EE810AD0ED020AB0EE001AC0EE811A62
S3150800FDD030EE210A674880ED050A5B48006801286D
S3150800FDE07DD1654890ED000ADFED640A20EE200A11
S3150800FDF0DFED630A80EE201AB0EE418A00216846DC
S3150800FE0000F062FE382269460EA8F0F76AFABDF9D4
S3150800FE103C0000EE100AB8EEC00AF0EE408AF0EE9A
S3150800FE20480A4D4802F05EFDBDEEC00A10EE100A03
S3150800FE3000B25049A1F84A004F4890ED030ADFED99
S3150800FE404F0A20EE200ADFED4E0A80EE201AB0EEA9
S3150800FE50418A0321684600F037FE382269460EA813
S3150800FE60F0F73FFABDF93C0000EE100AB8EEC00AFA
S3150800FE70F0EE408AF0EE480A3748A83002F032FD24
S3150800FE80BDEEC00A10EE100A01B23A48A0F85010AA
S3150800FE90394890ED010ADFED390A20EE200ADFED38
S3150800FEA0380A80EE201AB0EE418A0121684600F031
S3150800FEB00BFE382269460EA8F0F713FABDF93C0086
S3150800FEC000EE100AB8EEC00AF0EE408AF0EE480AD4
S3150800FED02148383002F006FDBDEEC00A00E051E0C8
S3150800FEE010EE100A01B22348A0F84C10224890EDF3
S3150800FEF0020ADFED220A20EE200ADFED210A80EE53
S3150800FF00201AB0EE418A0221684600F0DDFD38224B
S3150800FF1069460EA8F0F7E5F9BDF93C0000EE100AAF
S3150800FF20B8EEC00AF0EE408AF0EE480A0A48703089
S3150800FF3002F0D8FCBDEEC00A10EE100A01B20D4858
S3150800FF40A0F84E1021E100005000002000803B453B
S3150800FF5000008046CDCCCC3D60150020541A002008
S3150800FF6000007A440000000000007A46000048437A
S3150800FF700000FA45EC1400205015002000E0D74494
S3150800FF804CBE0C3F0021684600F09EFD38226946AB
S3150800FF900EA8F0F7A6F9BDF93C0000EE100AB8EE77
S3150800FFA0C00AF3EE030A80EE201A11EE104A204624
S3150800FFB0F0F7A4FB41EC1B0B9FEDA80B53EC102BA1
S3150800FFC0F0F75AFA41EC1A0B9FEDA60B53EC102BDF
S3150800FFD0F0F752FA41EC190BF0F7D4FB08EE100AC9
S3150800FFE0A24890ED000AF0EE400AB0EE480AA04892
S3150800FFF002F078FCBDEEC00A10EE100A00B29D4968
S31508010000A1F84A000321684600F05EFD38226946D8
S315080100100EA8F0F766F9BDF93C0000EE100AB8EE35
S31508010020C00AF3EE030A80EE201A11EE104A2046A2
S31508010030F0F764FB41EC1B0B9FED880B53EC102B7F
S31508010040F0F71AFA41EC1A0B9FED860B53EC102BBD
S31508010050F0F712FA41EC190BF0F794FB08EE100AC7
S31508010060824890ED030AF0EE400AB0EE480A80484D
S31508010070A83002F037FCBDEEC00A10EE100A01B234
S315080100807C48A0F850100121684600F01DFD382271
S3150801009069460EA8F0F725F9BDF93C0000EE100AED
S315080100A0B8EEC00AF3EE030A80EE201A11EE104AE2
S315080100B02046F0F723FB41EC1B0B9FED680B53EC35
S315080100C0102BF0F7D9F941EC1A0B9FED660B53EC9F
S315080100D0102BF0F7D1F941EC190BF0F753FB08EEA9
S315080100E0100A624890ED010AF0EE400AB0EE480A9D
S315080100F05F48383002F0F6FBBDEEC00A10EE100A72
S3150801010001B25C48A0F84C100221684600F0DCFCFC
S31508010110382269460EA8F0F7E4F8BDF93C0000EE6E
S31508010120100AB8EEC00AF3EE030A80EE201A11EEA1
S31508010130104A2046F0F7E2FA41EC1B0B9FED470BFC
S3150801014053EC102BF0F798F941EC1A0B9FED450B80
S3150801015053EC102BF0F790F941EC190BF0F712FB61
S3150801016008EE100A414890ED020AF0EE400AB0EE98
S31508010170480A3F48703002F0B5FBBDEEC00A10EEE2
S31508010180100A01B23B48A0F84E103A484A3002F02C
S31508010190BDFC394880ED000A3649B1F9501000EE28
S315080101A0101AB8EEC00A0146D1ED000A20EE200A5F
S315080101B0BDEEC00A10EE101A08B2032104F00CFEB7
S315080101C02C49B1F94C1000EE101AB8EEC00A2A49AA
S315080101D0D1ED000A20EE200ABDEEC00A10EE101A73
S315080101E008B2012104F0F8FD2249B1F94A1000EEDE
S315080101F0101AB8EEC00A2049D1ED000A20EE200AED
S31508010200BDEEC00A10EE101A08B2002104F0E4FD92
S315080102101849B1F94E1000EE101AB8EEC00A16497F
S31508010220D1ED000A20EE200ABDEEC00A10EE101A22
S3150801023008B2022104F0D0FD0E4890ED030A80EDC4
S31508010240060A90ED040A80ED070A90ED050A80ED8D
S31508010250080A1CB0BDEC088B10BD00009A5AF8F2CA
S31508010260E9CEBA3F000000606666B63F5015002029
S3150801027060150020EC1400204C00002010B5B0EEEB
S31508010280000A274880ED090A9FED260A80ED0A0A29
S31508010290B1EE080A80ED0B0A9FED230A80ED0F0ADD
S315080102A09FED210A80ED100AB2EE040A80ED110ACB
S315080102B09FED1E2ADFED1E1A9FED1E1ADFED1E0A9F
S315080102C09FED1E0A1E4802F015FC9FED182ADFED68
S315080102D0181A9FED181ADFED180A9FED180A184823
S315080102E0383002F007FC9FED112ADFED111A9FED58
S315080102F0111ADFED110A9FED110A1148703002F04B
S31508010300F9FB9FED0A2ADFED0A1A9FED0A1ADFEDBE
S315080103100A0A9FED0A0A0A48A83002F0EBFB10BD4B
S31508010320EC14002000007A44CDCCCC3D00803B453E
S315080103300000804600004843000000000000FA451E
S315080103406015002010B58CB0044644A000680B90D7
S3150801035043A000680A9043A00068099042A000687B
S31508010360089042A000680790012C06D0022C5CD0A8
S31508010370032C45D0042C6DD12DE03D480068012899
S3150801038014D107A8BA214FF496620223CDE90332A4
S31508010390CDE9051004201221CDE900310290072389
S315080103A0022234A13448F1F787F913E00BA8BA21E0
S315080103B04FF496620223CDE90332CDE905100420F4
S315080103C01221CDE9003102900723022229A12A48E8
S315080103D0F1F772F93FE00AA8BA214FF496620223AF
S315080103E0CDE90332CDE9051004201221CDE900310A
S315080103F00290072302221FA11F48F1F75DF92AE09F
S3150801040009A8BA214FF496620223CDE90332CDE950
S31508010410051004201221CDE900310290072302229A
S3150801042014A11548F1F748F915E008A8BA214FF4BF
S3150801043096620223CDE90332CDE905100420122183
S31508010440CDE900310290072302220AA10A48F1F7F1
S3150801045033F900E000BF00BF0CB010BD4E4F524D3E
S315080104604C45414E5350494E4C4F4220464C59003B
S315080104705000002030303800D111002070B50446F4
S315080104800D461646202229462046EFF72AFF002068
S3150801049070BD000070B50446C4EBC400204901EBE9
S315080104A0C000B0F9040000EE100AF8EEC00A9FED8C
S315080104B01D1A80EE810ADFED1C0A80EE201A11EE64
S315080104C0105A2846F0F71AF9C4EBC402144B03EB89
S315080104D0C202C2E90C01C4EBC400194601EBC00013
S315080104E0D0E904211046F0F7A8F800EE100A9FEDAE
S315080104F00F1AC0EE010A9FED0C1A80EE810ADFED94
S315080105000C0A20EE200A10EE105A2846F0F7F6F8E3
S31508010510C4EBC402024B03EBC202C2E9060170BD79
S31508010520A0030020000070420000104200000046AF
S315080105300000B44370B50446C4EBC400204901EB7E
S31508010540C000B0F9040000EE100AB8EEC00AF1EED8
S31508010550080A20EE200AF3EE030A80EE201A11EEAD
S31508010560105A2846F0F7CAF8C4EBC402144B03EB39
S31508010570C202C2E90C01C4EBC400194601EBC00072
S31508010580D0E904211046F0F758F800EE100A9FED5D
S315080105900D1AC0EE010AB3EE031A80EE810ADFEDE9
S315080105A00A0A20EE200A10EE105A2846F0F7A6F895
S315080105B0C4EBC402024B03EBC202C2E9060170BDD9
S315080105C0A0030020000000460000B44370B50446AD
S315080105D0C4EBC4001C4A02EBC000B0F9040000EEEB
S315080105E0100AB8EEC00AF1EE080A20EE200A10EE4B
S315080105F0101A0846F0F782F8C4EBC402124B03EB53
S31508010600C202C2E90C01C4EBC400194601EBC000E1
S31508010610D0E904211046F0F710F800EE100A9FED14
S315080106200B1AC0EE010A9FED0A0A20EE800A10EEA7
S31508010630105A2846F0F762F8C4EBC402024B03EBE2
S31508010640C202C2E9060170BDA003002000000046EF
S315080106500000B44370B52DED048B0446C4EBC40009
S315080106605B4901EBC000B0F9040000EE100AF8EE90
S31508010670C00A9FED581A80EE810ADFED570A20EE6F
S31508010680200A10EE106A3046F0F738F8C4EBC402B7
S315080106904F4B03EBC202C2E90C01C4EBC400194675
S315080106A001EBC000D0E904211046EFF7C6FF00EEC2
S315080106B0100A9FED481AC0EE010A9FED470A20EE7F
S315080106C0800A10EE106A3046F0F718F8C4EBC40237
S315080106D03F4B03EBC202C2E90601C4EBC40019464B
S315080106E001EBC00090ED082BB0EE420AF0EE620A6B
S315080106F0C4EBC40001EBC00090ED062BB0EE421A24
S31508010700F0EE621A53EC102B51EC110BEFF7AEFE1B
S31508010710F0F738F808EE100ABDEEC80A10EE100A0E
S31508010720002801DB014600E04142B42291FBF2F5C3
S315080107309FED2A0AB4EEC08AF1EE10FA19DD05F02A
S31508010740010058B1681CB421484300EE100AB8EEFE
S31508010750400A38EE400AB0EE408A0AE0B42105FBA9
S3150801076001F000EE100AB8EE400A38EE400AB0EE83
S31508010770408A9FED1B0AB4EEC08AF1EE10FA19D22F
S3150801078005F0010058B1681CB421484300EE100A6F
S31508010790B8EE400A30EE080AB0EE408A0AE0B42103
S315080107A005FB01F000EE100AB8EE400A30EE080A21
S315080107B0B0EE408A18EE100AEFF7A0FFC4EBC402A8
S315080107C0034B03EBC202C2E90A01BDEC048B70BDFF
S315080107D0A0030020000000460000B4430000344393
S315080107E0000034C3F0EE400A9FED041A80EE810A38
S315080107F09FED031A20EE010A7047000000003443FA
S31508010800DA0F494070B504460D46164620222146A0
S315080108102846EFF766FD002070BD82B0CDE90001DC
S3150801082021F0004001909DED000B02B051EC100B38
S31508010830704770B504460026FCF775FF054672B683
S3150801084061682069884201D9206820612069067893
S315080108502069401C2061A068401CA060E068401E19
S31508010860E0602846FEF767F8304670BD0346196012
S315080108708818401E58609A600020D860196159612D
S3150801088070472DE9F047044688461546FCF74BFFA5
S31508010890824672B6B8F1000F00D13CE0A06800B9F3
S315080108A039E061686069884201D920686061A06899
S315080108B0A84201DD284600E0A0680546616960682E
S315080108C0401A461CAE4209DB2E463246414660694D
S315080108D0EFF707FD6069304460610FE0A5EB060993
S315080108E0324641466069EFF7FCFC08EB06014A46C9
S315080108F02068EFF7F6FC206848446061A068401B51
S31508010900A060E0682844E0602F465046FEF713F8D9
S315080109103846BDE8F0875046FEF70DF84FF0FF3030
S31508010920F7E70146C86870470246164850F821009D
S31508010930322809DA134850F8210010F1320F03DD85
S31508010940104840F8212019E00E4850F8210000EE21
S31508010950100AB8EEC00A0B4850F82100101A00EE2A
S31508010960900AF8EEE00AB6EE001A01EE200ABDEE8C
S31508010970C00A10EE100A034B43F82100014850F84B
S31508010980210070471409002030B5034613B94FF604
S31508010990FF7030BD09E013F8014B82EA0400C0B2CA
S315080109A0054D35F8100080EA2222081EA1F1010141
S315080109B0F1D11046EDE700001669010830B5034686
S315080109C005E013F8010B80EA02040448025D081EDB
S315080109D0A1F10101F5D1104630BD000015680108E5
S315080109E02DE9F04104460D4616461F4614B10DB1D0
S315080109F006B10FB9BDE8F081D4ED010A94ED031AE9
S31508010A0060EE810A94ED001AD4ED021A41EE610AEC
S31508010A10B8EE001A60EE810AB0EE600AF0F72AF81D
S31508010A2086ED000A94ED001A21EE011AD4ED011A99
S31508010A3094ED012A01EE821AF7EE001AB0EE002AA9
S31508010A4052EE011AF0EE610A94ED001AD4ED031A7A
S31508010A5021EE211AD4ED011A94ED022A01EE821A29
S31508010A60F0EE001A21EE211AB0EE410AF0F70EF85F
S31508010A7085ED000A94ED001A21EE011AD4ED031A48
S31508010A8094ED032A01EE821AF7EE001AB0EE002A57
S31508010A9052EE011AF0EE610A94ED001AD4ED011A2C
S31508010AA021EE211AD4ED021A94ED032A01EE821AD7
S31508010AB0F0EE001A21EE211AB0EE410AEFF7E6FF31
S31508010AC087ED000A00BF95E770B505460C46C4EBED
S31508010AD0C400044A02EBC00138222846EFF701FC9C
S31508010AE070BD0000A0030020428812B242814A78F4
S31508010AF00B7842EA03224280CA788B7842EA0322BB
S31508010B0012B282804A790B7942EA032212B2C28072
S31508010B108A79027270470000014800787047000020
S31508010B20C31A002000487047C31A002010B59FED6C
S31508010B30952ADFED951A9FED951ADFED920A9FED3D
S31508010B40940A944801F0D6FF9FED8E2ADFED921A9A
S31508010B509FED921ADFED8B0A9FED900A904801F0FE
S31508010B60C9FF9FED882ADFED8F1A9FED8F1AF2EEE6
S31508010B70040A9FED8E0A8E4801F0BCFF9FED812A7B
S31508010B80DFED8C1AB0EE001ADFED7E0AB3EE010A2C
S31508010B90894801F0AFFF9FED7B2ADFED881A9FEDAB
S31508010BA0791ADFED780A9FED7C0A854801F0A2FFE4
S31508010BB09FED742ADFED811A9FED721ADFED710A36
S31508010BC0B2EE0C0A7F4801F095FF9FED6E2ADFED24
S31508010BD07B1A9FED7D1ADFED6B0A9FED700A7B4844
S31508010BE001F088FF9FED672ADFED721A9FED781AEB
S31508010BF0DFED640A9FED770A774801F07BFF9FEDE9
S31508010C00612ADFED601A9FED751ADFED5E0A9FED29
S31508010C10740A744801F06EFF9FED5A2ADFED611AD6
S31508010C209FED581ADFED570AB3EE020A6E4801F036
S31508010C3061FFB2EE042ADFED5B1A9FED5B1ADFED69
S31508010C40510A9FED5A0A694801F054FF9FED4D2A52
S31508010C50DFED581AB0EE001ADFED4A0AB3EE010AC3
S31508010C60634801F047FF9FED472ADFED621A9FEDC2
S31508010C70451ADFED440A9FED600A604801F03AFF24
S31508010C809FED402ADFED5E1A9FED3E1ADFED3D0A24
S31508010C90B2EE0E0A5B4801F02DFF9FED3A2ADFED11
S31508010CA0431AB7EE001ADFED370AB1EE0C0A5648B9
S31508010CB001F020FF9FED332ADFED511AB3EE021A38
S31508010CC0DFED300AB3EE060A504801F013FF9FED37
S31508010CD02D0A4F4880ED030A9FED2A0A80ED010A85
S31508010CE09FED280A80ED060A9FED260A80ED070A80
S31508010CF09FED240A80ED130A9FED220A80ED150A5D
S31508010D009FED200A80ED140A9FED1E0A80ED170A51
S31508010D109FED1C0A80ED180A9FED1A0A80ED1A0A42
S31508010D209FED180A80ED1C0A9FED160A80ED1B0A35
S31508010D309FED140A80ED1E0A9FED120A80ED1F0A27
S31508010D409FED100A80ED210A002101649FED0D0A2D
S31508010D5080ED0B0A9FED0B0A80ED080A9FED090A43
S31508010D6080ED0A0A9FED070A80ED0E0A9FED050A36
S31508010D7080ED220A0020264908704870C8700120B3
S31508010D80887010BD0000000000409C4600002F44FA
S31508010D900000E143441700200000FA4300004844DC
S31508010DA07C1700200060EA460000AF4400401C465C
S31508010DB0D41600200000C8420C1700200090E24615
S31508010DC0241800205C18002000401C45B417002098
S31508010DD000B8084700009643EC1700200080D44469
S31508010DE000007043041900203C19002094180020C3
S31508010DF0CC18002000803B450000204274190020D1
S31508010E0000007A44AC190020E41900201C1A0020BD
S31508010E104016002030B52DED088B9DB0FE4880792F
S31508010E20022838D0FC48007FA0BB9FEDFC2ADFEDE5
S31508010E30FC1A9FEDFA1ADFEDF90A9FEDFA0AFA484C
S31508010E4001F058FE9FEDF52ADFEDF51A9FEDF31A2D
S31508010E50DFEDF20AB2EE0C0AF44801F04BFE9FED03
S31508010E60EF2ADFEDEF1A9FEDF21ADFEDEC0A9FED9F
S31508010E70F10AF14801F03EFE9FEDE82ADFEDEF1A8F
S31508010E809FEDEF1ADFEDE50A9FEDEE0AEE4801F058
S31508010E9031FE75E0FFE7E0488079022838D0DE4860
S31508010EA0007F012834D19FEDDD2ADFEDDD1A9FEDA4
S31508010EB0DB1ADFEDDA0A9FEDDB0ADB4801F01AFEE1
S31508010EC09FEDD62ADFEDD61A9FEDD41ADFEDD30AA8
S31508010ED0B3EE040AD54801F00DFE9FEDD02ADFEDE9
S31508010EE0D01A9FEDCE1ADFEDCD0A9FEDD80AD2486A
S31508010EF001F000FE9FEDC92ADFEDD51A9FEDC71A4D
S31508010F00DFEDC60AB3EE0A0ACF4801F0F3FD37E072
S31508010F10C1488079022833D19FEDC02ADFEDC01A76
S31508010F209FEDBE1ADFEDBD0A9FEDC20ABE4801F06C
S31508010F30E1FD9FEDBA2ADFEDBA1A9FEDB81ADFED8A
S31508010F40B70AB3EE0E0AB94801F0D4FD9FEDB32AEC
S31508010F50DFEDB31A9FEDBF1ADFEDB00A9FEDBE0AAA
S31508010F60B54801F0C7FD9FEDAD2ADFEDB41A9FED37
S31508010F70BB1ADFEDAA0A9FEDBA0AB34801F0BAFD1A
S31508010F80B848D0ED010AB0EE600A9FEDB71ADFED59
S31508010F90B70A00F0EDFBB348006C00287ED1B148D2
S31508010FA090ED080ADFEDA50A30EE600A80ED080A21
S31508010FB00E216846FFF788FD382269460EA8EFF725
S31508010FC090F9BDF93C00EFF74EFB41EC1B0BB0EE77
S31508010FD04B0AF0EE6B0AFCF773FEB0EE40AAF0EE90
S31508010FE060AA9FEDA30B53EC102B51EC1A0BEFF7EC
S31508010FF099FB01D8012000E000200446EFF733FBF6
S3150801100041EC190BB0EE490AF0EE690AFCF758FEF5
S31508011010B0EE408AF0EE608A9FED950B53EC102BEB
S3150801102051EC180BEFF77EFB04D093480068401C7F
S3150801103091490860904800680A283FDD0E216846F4
S31508011040FFF742FD382269460EA8EFF74AF9BDF9BE
S315080110503C00EFF708FB41EC190BB0EE490AF0EE3C
S31508011060690AFCF72DFEB0EE408AF0EE608A9FED24
S31508011070800B53EC102B51EC180BEFF753FB1DD8D3
S315080110800E216846FFF720FD382269460EA8EFF7BC
S3150801109028F94FF4DF73DDE9122000E00EE0D418D9
S315080110A040F100012046EFF7C8FA6E498863084601
S315080110B090ED0E0A80ED080A012101646948006C69
S315080110C0012870D154488079022831D1524890F8C4
S315080110D0220001282CD1694890ED250ADFED680A1E
S315080110E020EE200AF3EE0E0AB4EEE00AF1EE10FA4B
S315080110F01ED25C4890ED080AF1EE040A30EE200A89
S3150801110080ED080A90ED080AD0ED0E0A9FED5D1AEA
S3150801111070EE810AB4EEE00AF1EE10FA43DD90EDC5
S315080111200E0ADFED580A30EE200A80ED080A3AE089
S3150801113039488079022831D1374890F822000128A8
S315080111402CD14E4890ED250ADFED4D0A20EE200AF6
S31508011150F3EE0E0AB4EEE00AF1EE10FA1EDB414890
S3150801116090ED080AF1EE040A30EE200A80ED080A2D
S3150801117090ED080AD0ED0E0A9FED431A70EE810A2A
S31508011180B4EEE00AF1EE10FA0DDD90ED0E0ADFED90
S315080111903E0A30EE200A80ED080A04E0314890ED57
S315080111A00E0A80ED080A2F4890ED081AF0EE410A5A
S315080111B090ED0A1AB0EE410A344801F093FB29482A
S315080111C080ED0C0A90ED0C1AF0EE410A90ED0B1A1F
S315080111D0B0EE410A2E4801F085FBBDEEC00A10EEBD
S315080111E0100A04B20E21204603F0F6FD1D48807848
S315080111F000287BD11B48407860B91A4890ED141A2B
S31508011200F0EE410A90ED151AB0EE410A214801F0B7
S3150801121069FB41E044E00000541A00200000000088
S315080112200090E2460000FA43241800205C180020CA
S3150801123000606A460000C843B41700200000C8428F
S3150801124000409C4500006144EC1700200000AF43B4
S315080112500000164400401C450000484400409C46D6
S315080112600080BB4440160020CFF7433FE4148D3E6F
S315080112700000000000000000080100208409002089
S3150801128033336542000066440080E3441C1A00209B
S31508011290E41900207C170020FE4880ED1A0A04E0B4
S315080112A0FC4890ED190A80ED1A0AFA480078F0B957
S315080112B0F84890ED011AF0EE410A90ED031AB0EEE6
S315080112C0410AF54801F00EFBF24880ED130A90ED4C
S315080112D01B1AF0EE410A90ED1C1AB0EE410AEF48CE
S315080112E001F000FBEB4880ED210A09E047E0E948F7
S315080112F090ED120A80ED130A90ED200A80ED210A7D
S31508011300E44890ED1A1AF0EE410A90ED191AB0EE7A
S31508011310410AE34801F0E6FABDEEC00A10EE100AEA
S3150801132004B20421204603F057FDDA4890ED131A5A
S31508011330F0EE410A90ED121AB0EE410AD94801F0D1
S31508011340D1FABDEEC00A10EE100A04B210212046E9
S3150801135003F042FDCF4890ED211AF0EE410A90EDD7
S31508011360201AB0EE410AD04801F0BCFABDEEC00A17
S3150801137010EE100A04B21121204603F02DFDC548CE
S31508011380807801287DD1C3484078E8BBC748807971
S3150801139002281BD1BF48D0ED140AC54890ED001AA2
S315080113A070EEC10AB0EE600AFFF71CFAB0EE408A89
S315080113B0B848D0ED150AB0EE600AF0EE480ABD4805
S315080113C001F090FAB34880ED1A0A30E0B14890ED81
S315080113D0141AF0EE410A90ED151AB0EE410AB64814
S315080113E001F080FAAB4880ED1A0A90ED140AB0486C
S315080113F080ED000A04216846FFF766FB3822694634
S315080114000EA8EEF76EFF00E00CE09DED141BB0EEA2
S31508011410410AF0EE610A51EC100BEFF7B3F9A7494F
S31508011420086004E09B4890ED190A80ED1A0A99486C
S31508011430007838BB974890ED020A10EE101A084654
S31508011440EFF75CF941EC190B924890ED010A10EEA1
S31508011450101A0846EFF752F941EC1A0B9FED982B33
S31508011460B0EE491AF0EE691AB0EE4A0AF0EE6A0AC7
S3150801147001F0E6F8B0EE408AF0EE608A51EC180BFE
S3150801148001E0AEE04BE0EFF77DF9824908610846D5
S3150801149090ED041AF0EE410A90ED031AB0EE410AF6
S315080114A0894801F01FFA7B4880ED130A90ED020A7C
S315080114B010EE101A0846EFF721F941EC190B754899
S315080114C090ED010A10EE101A0846EFF717F941ECEC
S315080114D01A0B9FED7B2BB0EE491AF0EE691AB0EEA6
S315080114E04A0AF0EE6A0A01F0ABF8B0EE408AF0EE6D
S315080114F0608A51EC180BEFF745F96649886008468A
S3150801150090ED1B1AF0EE410A90ED1C1AB0EE410A55
S31508011510624801F0E7F95F4880ED210A08E05D4875
S3150801152090ED120A80ED130A90ED200A80ED210A4A
S315080115305E488079022815D1564890ED1A1AF0EEC0
S31508011540410A90ED191AB0EE410A554801F0CAF957
S31508011550BDEEC00A10EE100A04B20421204603F0BB
S315080115603BFC14E04B4890ED1A1AF0EE410A90ED57
S31508011570191AB0EE410A554801F0B4F9BDEEC00A90
S3150801158010EE100A04B20421204603F025FC414856
S3150801159090ED131AF0EE410A90ED121AB0EE410AD7
S315080115A04B4801F09FF9BDEEC00A10EE100A04B2CD
S315080115B01021204603F010FC364890ED211AF0EE72
S315080115C0410A90ED201AB0EE410A374801F08AF92E
S315080115D0BDEEC00A10EE100A04B21121204603F02E
S315080115E0FBFB2C48807802287AD12A48407878B9BA
S315080115F0284890ED141AF0EE410A90ED151AB0EE4E
S31508011600410A344801F06EF9224880ED1A0A04E0CD
S31508011610204890ED190A80ED1A0A1E480078E8B9A3
S315080116201C4890ED011AF0EE410A90ED031AB0EE4E
S31508011630410A294801F056F9164880ED130A90ED3A
S315080116401B1AF0EE410A90ED1C1AB0EE410A134836
S3150801165001F048F90F4880ED210A08E00D4890EDA0
S31508011660120A80ED130A90ED200A80ED210A094835
S3150801167090ED1A1AF0EE410A90ED191AB0EE410AE8
S31508011680164801F02FF9BDEEC00A10EE100A04B291
S31508011690042126E0401600200C170020AC19002072
S315080116A044170020D416002074190020541A00206B
S315080116B00C0100207C1700205C1800201001002076
S315080116C0000000A09999E93FEC1700202418002092
S315080116D0B41700203C190020CC180020041900205A
S315080116E02CE0204603F078FB194890ED131AF0EE2A
S315080116F0410A90ED121AB0EE410A164801F0F2F8C5
S31508011700BDEEC00A10EE100A04B21021204603F0FD
S3150801171063FB0F4890ED211AF0EE410A90ED201A6D
S31508011720B0EE410A0C4801F0DDF8BDEEC00A10EE34
S31508011730100A04B21121204603F04EFB044890ED2D
S31508011740010A064880ED000A1DB0BDEC088B30BDC4
S315080117504016002094180020741900201401002056
S31508011760024880ED060AC0ED170A704740160020A8
S31508011770B4EEE00AF1EE10FA03DD0848C0ED010AFD
S315080117800BE0F1EE411AB4EEE10AF1EE10FA04D2D9
S31508011790F1EE411A0148C0ED011A704740160020C2
S315080117A010B52DED108BB8B0FE488078002879D198
S315080117B00420FEF74FFF04211CA8FFF785F93822FC
S315080117C01CA92AA8EEF78DFDBDF9AC0000EE100A9A
S315080117D0B8EEC00ADFEDF40A20EE200AF14880EDE2
S315080117E0190A04211CA8FFF76FF938221CA92AA88F
S315080117F0EEF777FDEB4890ED170A10EE101A08463A
S31508011800EEF77CFF41EC1A0B9DED301BB0EE410A59
S31508011810F0EE610A53EC102BEEF72BFE41EC190B97
S31508011820EEF7B0FF08EE100AB0EE480AFEF7DAFF47
S31508011830DC4880ED150A1020FEF70CFFDB4890ED19
S31508011840010AB1EE400AD74880ED120A10211CA8F8
S31508011850FFF73AF938221CA92AA8EEF742FDD14822
S3150801186090ED060A10EE101A0846EEF747FF41EC0E
S315080118701A0B9DED341BB0EE410AF0EE610A53ECEA
S31508011880102BEEF7F6FD41EC190BEEF77BFF08EE90
S31508011890100AB0EE480AFEF7A5FFC24880ED030A12
S315080118A042E1FFE7BF48807801287CD1C0488079AA
S315080118B002283FD10420FEF7CDFE04211CA8FFF71C
S315080118C003F938221CA92AA8EEF70BFDBDF9AC00CD
S315080118D000EE100AB8EEC00ADFEDB30A20EE200AC0
S315080118E0B04880ED190A04211CA8FFF7EDF8382243
S315080118F01CA92AA8EEF7F5FCAE480068EEF7FEFE2D
S3150801190041EC1A0B9DED301BB0EE410AF0EE610A6F
S3150801191053EC102BEEF7ADFD41EC190BEEF732FF48
S3150801192008EE100AB0EE480AFEF75CFF9D4880ED06
S31508011930150A7BE09D4890ED000A10EE101A08463C
S31508011940EEF7DCFE41EC1C0B984890ED250A10EEEB
S31508011950101A0846EEF7D2FE41EC1E0BB0EE4E0AFF
S31508011960F0EE6E0AFCF7B8F9B0EE40DAF0EE60DA9E
S3150801197053EC1C2B51EC1D0BEEF77EFD41EC1A0BBB
S315080119808A4890ED020A10EE101A0846EEF7B6FEDE
S3150801199041EC1C0B854890ED250A10EE101A0846F5
S315080119A0EEF7ACFE00E055E041EC1F0BB0EE4F0A36
S315080119B0F0EE6F0AFCF778F8B0EE40EAF0EE60EA6E
S315080119C051EC1E0B81F0004141EC1D0B53EC1C2B15
S315080119D0EEF752FD41EC1B0B53EC1A2BEEF7A5FC67
S315080119E041EC190B9FED740B53EC102BEEF744FDEC
S315080119F041EC180B9FED720B53EC102BEEF7AEFD75
S31508011A00CDE936019DED360B51EC100BEEF7BAFE1A
S31508011A10644948666548D0ED2A0AB0EE600A02F0C4
S31508011A20DFF8B1EE400A5F4880ED150A1020FEF78F
S31508011A3011FE5E4890ED010AB1EE400A594880ED63
S31508011A40120A5A4890ED250AB1EE400A554880ED2A
S31508011A50030A69E053488078022865D10420FEF715
S31508011A60F9FD04216846FFF72FF8382269461CA8B4
S31508011A70EEF737FCBDF8724004210EA8FFF724F8EB
S31508011A8038220EA92AA8EEF72CFCBDF9B200201AB5
S31508011A9000EE100AB8EEC00ADFED4B0A80EE201AF6
S31508011AA0404880ED191A4148D0ED2A0AB0EE600A7D
S31508011AB002F096F8B1EE400A3A4880ED150A102070
S31508011AC0FEF7C8FD10211CA8FEF7FEFF38221CA947
S31508011AD02AA8EEF706FC334890ED060A10EE101A0E
S31508011AE00846EEF70BFE41EC1A0B9DED341BB0EEE2
S31508011AF0410AF0EE610A53EC102BEEF7BAFC41EC01
S31508011B00190BEEF73FFE08EE100AB0EE480AFEF78B
S31508011B1069FE244880ED030A244890ED010AB1EED6
S31508011B20400A204880ED120A0E20FEF74FFD0E21CD
S31508011B301CA8FEF7C9FF38221CA92AA8EEF7D1FB73
S31508011B40DDE92E211046EEF778FD164988620E2149
S31508011B501CA8FEF7B9FF38221CA92AA8EEF7C1FB73
S31508011B60BDF9AC0000EE100AB8EEC00A0D4880EDCA
S31508011B700B0A1120FEF78EFC11211CA8FEF7A4FF03
S31508011B8038221CA92AA8EEF7ACFB9DED301BB0EE56
S31508011B90410AF0EE610A51EC100BEEF7F3FD01492B
S31508011BA0086713E0401600207077D63D84090020A7
S31508011BB0541A002010010020000000000080764021
S31508011BC000000040FB2119400000004611211CA815
S31508011BD0FEF77AFF38221CA92AA8EEF782FB9DEDAB
S31508011BE0361BB0EE410AF0EE610A1FED0D1B53ECF0
S31508011BF0112B51EC100BEEF73FFCEEF7C3FD034931
S31508011C00C1F8800038B0BDEC108B10BD401600201D
S31508011C1010B52DED028BB0EE408A20480078F0B160
S31508011C20DFED1F0AB0EE480A1E4800F05BFE1D48AC
S31508011C3090ED0B0AB5EEC00AF1EE10FA03D29FED4C
S31508011C401A0A80ED0B0A174890ED0B0ABCEEC00A7A
S31508011C5010EE100A84B22046F5F780FC1BE09FEDD2
S31508011C60100AB4EEC08AF1EE10FA10DD0F480078BA
S31508011C70401C0E49087008460078C82807DD01206F
S31508011C80064908709FED0A0A064880ED090A41F2DD
S31508011C908730F5F763FCBDEC028B10BD0800002008
S31508011CA0000034422809002000000000140000202A
S31508011CB000401C4500B59BB0FEA000681A90FEA026
S31508011CC000681990FDA000681890FDA0006817909B
S31508011CD0FCA103C9CDE91501FCA103C9CDE913018D
S31508011CE0FCA000681290FCA000681190FBA103C932
S31508011CF0CDE90F01FBA000680E90FBA103C9CDE950
S31508011D000C01F9A103C9CDE90A01F7A103C9CDE976
S31508011D10080140F2A7204FF47271C022CDE90212E0
S31508011D20CDE904100220042109230122CDE900107E
S31508011D30EFA1F048F6F788F840F24D2040F2D63187
S31508011D404FF47273CDE90230CDE904100220002167
S31508011D5009230122CDE90010E7A1E848F6F774F84E
S31508011D604FF40F7040F2D1314FF47273CDE902305E
S31508011D70CDE904100220002109230122CDE9001032
S31508011D80DFA1E048F6F760F84FF4097040F2D23166
S31508011D904FF47273CDE90230CDE904100220002117
S31508011DA009230122CDE90010D7A1D848F6F74CF846
S31508011DB040F2162040F2D3314FF47273CDE9023066
S31508011DC0CDE904100220002109230122CDE90010E2
S31508011DD0CFA1D048F6F738F840F25E2040F2D63166
S31508011DE04FF47273CDE90230CDE904100220009058
S31508011DF009230122C8A10190C848F6F725F840F23F
S31508011E00A7204FF47A714FF47273CDE90230CDE908
S31508011E1004100220032109230122CDE90010C0A1E3
S31508011E20C048F6F711F840F2132040F2134140F288
S31508011E30AA33CDE90230CDE9041002200421012399
S31508011E401A46CDE90010B8A1B848F5F7FDFF4FF4D9
S31508011E50F77040F2134140F2AA33CDE90230CDE9D9
S31508011E6004100220042101231A46CDE90010B0A16D
S31508011E70B048F5F7E9FF40F2CF1040F2C53140F21C
S31508011E802E22CDE90212CDE90410022004210123F4
S31508011E901A46CDE90010A8A1A848F5F7D5FF40F2E2
S31508011EA0CF1040F2FA3140F22E22CDE90212CDE9E5
S31508011EB004100220042101231A46CDE90010A0A12D
S31508011EC0A048F5F7C1FF4FF4CA7040F2AF1140F2CE
S31508011ED019224FF47A73CDE90432CDE906100220AE
S31508011EE078213C22CDE9000204230122CDE9021022
S31508011EF095A19748EFF72FF84FF4CA704FF4DC71A4
S31508011F0040F219224FF47A73CDE90432CDE906106D
S31508011F1002204FF49671F022CDE90002072301222F
S31508011F20CDE902108BA18D48EFF715F8782040F21C
S31508011F30FA3140F28233CDE90230CDE904100220AC
S31508011F4000900323012286A101908648F5F77CFFBC
S31508011F50782040F282312822CDE90212CDE9041017
S31508011F600220052103230122CDE900107EA17F4825
S31508011F70F5F76AFF282040F2823140F2FA33CDE9BB
S31508011F800230CDE904100220052103230122CDE9FF
S31508011F90001077A17748F5F757FF282040F2FA3164
S31508011FA07822CDE90212CDE9041002200521032386
S31508011FB00122CDE9001070A17048F5F745FFB92057
S31508011FC04FF496616422CDE90212CDE9041002208C
S31508011FD0062104230122CDE9001069A16948F5F714
S31508011FE033FF1AA8BA214FF496620223CDE90332C8
S31508011FF0CDE905100420122103220723CDE900218A
S315080120000290012260A16148EFF756FB15A84FF42B
S315080120102F71C8220223CDE90332CDE90510052027
S315080120200C2103220346CDE900210290012258A181
S315080120305848EFF741FB13A840F2EE21C8220223C4
S31508012040CDE90332CDE9051008200C210322052329
S31508012050CDE90021029001224FA15048EFF72CFB50
S3150801206011A8EA214FF47A720223CDE90332CDE9A8
S31508012070051004200C2103220523CDE90021029035
S31508012080012247A14748EFF717FB12A84FF44D71F4
S315080120906E220223CDE90332CDE905100320122170
S315080120A0CDE90001052301223FA102903F48EFF740
S315080120B003FB7DE06E6F726D6C65616E7370696EA0
S315080120C074616E6B53686F6F7400000048656174C4
S315080120D04C696D74436170004341503150697463B2
S315080120E0680000004469730073686F6F740000002C
S315080120F0303031006811002030303200771100206D
S31508012100303033008611002030303400951100201C
S3150801211030303500A411002030303600B3110020CC
S3150801212030303700C21100203034300083140020CB
S31508012130303337009214002030333800A1140020C0
S3150801214030333900B014002020303430000000004C
S31508012150BF1400202030343100000000CE140020C6
S3150801216030313900EE12002030323000FD120020E5
S31508012170303231000C130020303232001B1300209C
S31508012180303233002A13002030303800D1110020B4
S3150801219030313300FE110020303134002B1200207B
S315080121A030313500581200203031360085120020B2
S315080121B00FA840F28A21C8220223CDE90332CDE9CC
S315080121C0051005200C2103220346CDE900210290C2
S315080121D001222BA12B48EFF76FFA0EA84FF41671BF
S315080121E0C8220223CDE90332CDE9051003200C21CB
S315080121F0CDE900010523012223A102902348EFF727
S315080122005BFA0CA840F2EE215A220223CDE90332E9
S31508012210CDE9051003201221CDE90001052301228C
S315080122201BA102901B48EFF747FA0AA84FF42F7132
S315080122305A220223CDE90332CDE9051003201221E2
S31508012240CDE900010523012213A102901348EFF7F6
S3150801225033FA08A840F28A215A220223CDE9033229
S31508012260CDE9051003201221CDE90001052301223C
S315080122700BA102900B48EFF71FFA1BB000BD000037
S3150801228030313700B212002030333200CF1300202C
S3150801229030333300FC130020303334002914002076
S315080122A0303335005614002010B53048002101603E
S315080122B001712F48016001710B212E48EEF72AF8AA
S315080122C02D480021017020212C48EEF723F82C48CF
S315080122D0002101602B4801602B48018081702B4841
S315080122E0018081700D212A48EEF714F8294800214A
S315080122F0016041608160C160274801604160816079
S31508012300264801802648017026480160818081712E
S315080123102548016081802548016025480160818042
S3150801232028212448EDF7F6FF234800210160818022
S31508012330016081806A212148EDF7ECFF20480021E0
S3150801234001604160018181721E480160416001811D
S3150801235019211D48EDF7DEFF1C4800210160416087
S3150801236081601B480160416010BD00001801002012
S315080123701D010020981A002022010020A31A00201E
S3150801238023010020270100202B0100202E01002017
S31508012390C31A0020D01A0020E01A002036010020B6
S315080123A038010020390100204001002046010020A3
S315080123B04A010020EC1A002050010020141B0020BD
S315080123C07E1B0020891B0020FC1B0020151C0020F9
S315080123D05601002070470000FEB504460D46164614
S315080123E00A20012322461C21CDE900560290024803
S315080123F0F1F744FBFEBD0000507000201FB50446EE
S31508012400002003900A20012103AA0B46CDE90021E9
S31508012410029022461C210348F1F730FB9DF80C0077
S3150801242004B010BD5070002013B584B004460A20CC
S31508012430012105AA0B46CDE90021029022461C215D
S315080124400248F1F795FC06B010BD00005070002057
S3150801245010B5012240210248F1F71CFA10BD00000F
S315080124600018024010B5002240210248F1F712FA7D
S3150801247010BD000000180240704710B504462046FA
S31508012480F1F7D2F810BD70B50446254604EBD571AF
S315080124904810F1F7C9F870BD70B500250024FFF79B
S315080124A099FFFFF7E9FFFFF7DDFF3220FFF7E5FFA9
S315080124B0FFF7CEFF3220FFF7E0FF0020FFF79EFF70
S315080124C00546102D01D0402070BD002424E004EB00
S315080124D04402134B1A44517804EB4402985CFFF703
S315080124E0A3FF9620FFF7CFFF04EB44010C4A505C8B
S315080124F0FFF784FF05469620FFF7C5FF04EB440066
S31508012500074908444078A84204D004EB440008442B
S315080125108078D9E7601CC4B2042CD8DB0020D3E745
S31508012520986E010810B52DED028B82B00446002085
S3150801253008EE100A062269460320FFF74DFF9DF8AB
S3150801254000009DF8011040EA012000B208EE100AC9
S31508012550B8EEC80ADFED150A20EE200A84ED000A56
S315080125609DF802009DF8031040EA012000B208EE2A
S31508012570100AB8EEC80ADFED0D0A20EE200A84ED2E
S31508012580010A9DF804009DF8051040EA012000B2F1
S3150801259008EE100AB8EEC80ADFED040A20EE200A92
S315080125A084ED020A02B0BDEC028B10BD9A99993EE0
S315080125B010B50848F3F7E0FC00210648F4F754F88B
S315080125C004210448F4F750F808210248F4F74CF8B6
S315080125D010BD0000A0720020010E144A1170C0F34C
S315080125E00741127811FB02F1114A1180C0F3072144
S315080125F00E4A127811FB02F10E4A1180C1B20B4A3A
S31508012600127811FB02F10C4A1180114609880B4A0E
S315080126101268516307490988084A1268916304498F
S315080126200988064A1268D16370470000160000201F
S31508012630180000201A0000201C000020A0720020AB
S3150801264010B52DED0C8BB0EE409AF0EE609AB0EE17
S3150801265041AAF0EE61AAB0EE428AF0EE628A53EC24
S31508012660182B9FED0F0B51EC100BEDF7FFFE41EC0C
S315080126701D0B53EC1A2BEDF7FFFE41EC1B0B53EC2C
S31508012680182B51EC190BEDF7F7FE41EC1C0B53EC2B
S315080126901B2BEDF74AFE41EC100BBDEC0C8B10BD64
S315080126A0000000000000F03FF1F7F2FC6420F0F7AB
S315080126B0BBFFF7F73FFAF5F73FFFF5F729FEF5F701
S315080126C0D3FDF5F7F3FDF6F73DFBF6F71FFBF6F736
S315080126D025FAF6F745F9F6F7B3F8F6F7D5F8F6F762
S315080126E07DF8F6F721F9F6F749FBF6F759F8F6F703
S315080126F09FFAF5F7FDFDF6F7FDF8F6F7BDF9F6F7DA
S315080127008BF8F6F76FFAFFF753FF6FF0FF00FFF745
S3150801271063FF012211021848F1F7BCF8FDF7B2F977
S3150801272001F0D8FCF6F786FDF4F722FF02F03AFE2F
S31508012730FDF7A4FDFEF7FAF9F3EE050AB2EE010A72
S31508012740FFF70EF802F05EFBEFF7A0FF01F0B4FC0D
S31508012750F8F752F90948FFF73FFF6420F0F764FFDD
S3150801276000F01EF8F5F730FE00F030F802E001201F
S3150801277000F006F8FBE7000000080240CBC0FFFFA7
S3150801278070B50546FAF7CCFF10B16FF0050404E001
S31508012790002415B1284602F0E9FF204670BD000065
S315080127A010B5FAF7BDFF10B16FF0050409E0064848
S315080127B0006820B9012004490860002401E04FF0AF
S315080127C0FF34204610BD00006002002070B5FAF7FC
S315080127D0A7FF10B16FF005041FE011480068012832
S315080127E019D100BF801F0021002804DB0A07130E38
S315080127F00C4A135406E00A07150E0B4A00F00F039C
S315080128001B1FD55400BF00BF02200549086003F00D
S3150801281029F8002401E04FF0FF34204670BD00007E
S315080128206002002000E400E018ED00E02DE9FF4712
S3150801283080468946144600200390FAF771FF00285E
S315080128404ED1B8F1000F4BD0802618258246471E77
S3150801285044B3206808B1D4F800A0A06900B1A569FD
S315080128602DB1382D03D8207900F0010018B10020C8
S3150801287004B0BDE8F087606908B160698608A06898
S3150801288040B1E0685C2805D3206918B1606908B1D0
S31508012890012708E0A06830B9E06820B9206910B9B5
S315080128A0002700E00027012F0CD12169A0684B46BB
S315080128B03246CDE9005102905146404603F0F6FCF6
S315080128C003900DE067B903A8B2B24B465146CDE96C
S315080128D00050404603F0B8FC012801D000200390BF
S315080128E00398C5E710B52DED088B0446F0EE408A2E
S315080128F0B0EE608A84ED038A94ED040A84ED050A34
S3150801290094ED020ADFED780AB4EEE00AF1EE10FA68
S3150801291003D294ED050A84ED070A38EE680A84EDB8
S31508012920040A94ED000AD4ED040A20EE200A84ED87
S31508012930080A94ED010AB5EEC00AF1EE10FA09D0BB
S3150801294094ED090AD4ED010A94ED041A00EE810A00
S3150801295084ED090A94ED020ADFED630AB4EEE00A92
S31508012960F1EE10FA27DD94ED070A10EE101A084663
S31508012970EDF7C4FE41EC1A0B94ED040A10EE101A99
S315080129800846EDF7BBFE41EC1B0B9FED582BB0EE4D
S315080129904A1AF0EE6A1AB0EE4B0AF0EE6B0AFFF726
S315080129A04FFEB0EE409AF0EE609A51EC190BEDF736
S315080129B0E9FEA06103E094ED040A84ED060A94EDAC
S315080129C0060AD4ED070A30EE600AD4ED020A20EEB3
S315080129D0200A84ED0A0A94ED020ADFED430AB4EEF1
S315080129E0E00AF1EE10FA03DD94ED060A84ED070A12
S315080129F094ED0C0A10EE101A0846EDF77FFE41EC2D
S31508012A00190B94ED090A10EE101A0846EDF776FE31
S31508012A1041EC1B0BB0EE4B0AF0EE6B0AFBF750F9D3
S31508012A20B0EE40AAF0EE60AA53EC192B51EC1A0B42
S31508012A30EDF790FE11D294ED090AB5EEC00AF1EE52
S31508012A4010FA06D294ED0C0AB1EE400A84ED090A91
S31508012A5003E094ED0C0A84ED090A94ED080AD4ED15
S31508012A60090A30EE200AD4ED0A0A30EE200A84ED6E
S31508012A700B0A94ED0D0A10EE101A0846EDF73EFE04
S31508012A8041EC190B94ED0B0A10EE101A0846EDF7F6
S31508012A9035FE41EC1B0BB0EE4B0AF0EE6B0AFBF769
S31508012AA00FF9B0EE40AAF0EE60AA53EC192B51ECDF
S31508012AB01A0BEDF74FFE11D294ED0B0AB5EEC00ACB
S31508012AC0F1EE10FA06D294ED0D0AB1EE400A84ED44
S31508012AD00B0A03E094ED0D0A84ED0B0A94ED0B0A3B
S31508012AE0BDEC088B10BD000000C0DA459A9999998A
S31508012AF09999C93F80ED000AC0ED010A80ED021AD5
S31508012B00C0ED0D1A80ED0C2A7047000070B52DED49
S31508012B10108BDEB005469A4890ED010AF1EE040ADB
S31508012B20B4EEE00AF1EE10FA0AD89648008B00EEE8
S31508012B30100AB8EE400AF0EE000A30EE608A18E094
S31508012B408F4890ED010AF1EE040AB4EEE00AF1EEBF
S31508012B5010FA0EDD8B48008B00EE100AB8EE400A1B
S31508012B608748D0ED010AB2EE0C1AB0EE408A01EEA2
S31508012B70208A8448008B00EE100AB8EE400A804885
S31508012B80D0ED010AB2EE0C1A01EE200AB4EEC80A1B
S31508012B90F1EE10FA0ED87B48008B00EE100AB8EE5B
S31508012BA0400A7748D0ED010AB2EE0C1A01EE200A66
S31508012BB0B0EE408A9FED740A744880ED000A9FEDD5
S31508012BC074FA9FED710A8DED5C0A0024BCE0714828
S31508012BD00068EDF793FDCDE9040135F9140000EE1F
S31508012BE0100AB8EEC00A6C48D0ED000A60EE200A59
S31508012BF035F9140000EE100AB8EEC01A9FED640A02
S31508012C0000EE810A10EE101A0846EDF777FD41EC41
S31508012C101C0BB0EE4C0AF0EE6C0AFBF751F88DED81
S31508012C20000BE1B216A8FDF74FFF382216A940A8F6
S31508012C30EDF757FBBDF9040100EE100AB8EEC00A1C
S31508012C405648D0ED000A60EE20FAE1B224A8FDF755
S31508012C503BFF382224A94EA8EDF743FBBDF93C01F9
S31508012C6000EE100AB8EEC00A2FEE800A10EE106ABE
S31508012C703046EDF743FD41EC1E0BB0EE4E0AF0EE81
S31508012C806E0AFBF71DF8B0EE40CAF0EE60CAE1B273
S31508012C9008A8FDF719FF382208A932A8EDF721FB84
S31508012CA0BDF9CC0000EE100AF8EEC00A35F9140099
S31508012CB000EE100AB8EEC00A9FED331A20EE010A9B
S31508012CC020EE800A10EE106A3046EDF717FD41EC4A
S31508012CD01E0BB0EE4E0AF0EE6E0AFAF7F1FFB0EEF1
S31508012CE040DAF0EE60DA53EC1C2B51EC1D0BEDF7D4
S31508012CF01CFB41EC1B0B9DED000B53EC102BEDF768
S31508012D0014FBCDE902019DED040B53EC102B9DED4F
S31508012D10020B51EC100BEDF721FC41EC1A0B1B4889
S31508012D200068EDF7EBFC53EC1A2BCDE906019DED96
S31508012D30060B51EC100BEDF7F8FA41EC190BEDF710
S31508012D4021FD12490860641C042CFFF640AF0F48A8
S31508012D5090ED000AC8EE008AB7EE000AF4EEC08AC2
S31508012D60F1EE10FA05DDB7EE000A5EB0BDEC108B88
S31508012D7070BD0B4890ED000A38EEC00AF5E7000071
S31508012D80981000207C1A0020000000005C0000203A
S31508012D908D97824064000020680000206C000020A6
S31508012DA06000002000B59DB00F22194915A8EDF75E
S31508012DB098FA0F22174911A8EDF793FA0F22164927
S31508012DC00DA8EDF78EFA0F22144909A8EDF789FA2D
S31508012DD00F22134905A8EDF784FA0F22114901A814
S31508012DE0EDF77FFA10488189ADF80010807B8DF8E0
S31508012DF002000F220C4919A8EDF773FA072019A941
S31508012E000EC9F7F7C1FC0A20FFF7BAFC1DB000BDD1
S31508012E10C2110020B3110020A41100209511002031
S31508012E208611002077110020681100202E4890EDA8
S31508012E30290AF0EE080AB4EEE00AF1EE10FA1DDDF1
S31508012E4090ED260AF8EE080AB4EEE00AF1EE10FA59
S31508012E5014D290ED290ADFED250A30EEC00AD0ED2D
S31508012E60260A9FED221A70EE810A30EE200AD0ED6D
S31508012E702A0A30EE200A80ED2A0A34E01A4890ED33
S31508012E80290AF8EE080AB4EEE00AF1EE10FA1DD2A4
S31508012E9090ED260AF0EE080AB4EEE00AF1EE10FA11
S31508012EA014DD90ED290ADFED110A30EE200AD0ED86
S31508012EB0260A9FED0E1A71EE600A30EE200AD0ED51
S31508012EC02A0A30EEC00A80ED2A0A0CE0064890ED7F
S31508012ED0260AD0ED290A30EE600AD0ED2A0A30EE2C
S31508012EE0200A80ED2A0A704784090020DA0F494032
S31508012EF070B50446B4F90A0041F65831884225DD11
S31508012F006088B0F57A7F21DAD4E904211046EDF715
S31508012F1094FB00EE100AB4F90A0000EE900AF8EEE6
S31508012F20E00A9FED261A31EE601A608800EE900AD3
S31508012F30F8EE600A71EE200A30EE200A10EE105AF9
S31508012F402846EDF7A1FBC4E9040136E0B4F90A0005
S31508012F50B0F57A7F26DA608841F65831884221DD54
S31508012F60D4E904211046EDF768FB00EE900A608863
S31508012F7000EE100AB8EE400A9FED101A31EE401A1B
S31508012F80B4F90A0000EE100AB8EEC00A31EE000ADA
S31508012F9030EEC00A10EE105A2846EDF775FBC4E963
S31508012FA004010AE06088B4F90A10401AC117D4E985
S31508012FB0042380185941C4E9040170BD0000004684
S31508012FC02DE9F04105460E46164807681648006879
S31508012FD0001D02F042FA681C38B936B11248016878
S31508012FE0091D124802F090FA1AE07C190E48006889
S31508012FF04460BC4207D20C480168091D0C480068A8
S3150801300002F068FA0CE008480168091D09480068D9
S3150801301002F060FA08480068844201D20648046052
S31508013020BDE8F081A402002090020020586E00201D
S315080130309802002094020020C002002010B5044620
S3150801304002F06EFA24480068401C234908602348A8
S31508013050006840B9214804600846006801280DD176
S3150801306000F0FCF90AE01E48006838B91B480068F8
S31508013070C06AE16A884201D818480460194800689C
S31508013080401C184908600846006860641649E06AE9
S315080130900968884202D91449E06A0860E16A01EBC5
S315080130A08101124A02EB8100211D02F02DFA02F07C
S315080130B061FA0B48006868B108480068C06AE16AA5
S315080130C0884207D24FF0805009490860BFF34F8FF5
S315080130D0BFF36F8F10BD0000A002002090020020F0
S315080130E0AC020020BC020020A8020020A86900202A
S315080130F004ED00E008B502F013FA12480068E8B9D1
S31508013100114802F0D7F9114802F0D4F90E481049CE
S3150801311008600E480F49086000200F4B0F4A10211E
S3150801312000900A2002F088FD0649086008460068F2
S3150801313020B10BA10348006802F0DCFA02F01AFA82
S3150801314008BD0000D40200206C6E0020806E0020AD
S31508013150CC020020D0020020946E0020E46E0020EC
S31508013160546D72510000000010B516E002F0D8F94E
S315080131700C48C068C468201D02F06FF90A48006847
S31508013180401E0949086009480068401E0749086049
S3150801319002F0F0F9204600F05FF8044800680028BC
S315080131A0E4D110BD446E0020A00200209C0200203C
S315080131B070B504460D46206C70B1216CE068014477
S315080131C0E160D4E90210884201D32168E16028460A
S315080131D0226CE168EDF785F870BD2DE9F0410446EA
S315080131E00F4615464FF00008A66B206C48B92068B3
S315080131F000282CD1A06803F06FF980460020A06052
S3150801320025E07DB93946226C6068EDF76AF8216CCC
S31508013210606808446060D4E90101884217D32068D0
S31508013220606014E03946226CE068EDF75AF8216CC3
S31508013230E068411AE1602168E068884203D2216C9E
S31508013240A068411AE160022D01D106B1761E701CF3
S31508013250A0634046BDE8F08110B5044694F85900CC
S3150801326030B9206B02F0A4F9204602F0A1F91AE060
S3150801327094F85900012803D1204602F099F912E081
S3150801328094F85900022801D1012000E0002050B924
S3150801329000BF502080F31188BFF34F8FBFF36F8FA4
S315080132A000BF00BFFEE710BD0146084A1268126852
S315080132B00AB9012200E000220A600A6822B9034A13
S315080132C01268D268106800E000207047CC0200201E
S315080132D030B54FF47053174800F007042CB1C01DE0
S315080132E020F00700134C041B1B1B0246124C2260DC
S315080132F00024114D6C60D018083820F007000F4CD7
S31508013300206000240D4D2D686C600C4D2D682C60D5
S315080133101146441A4C60094C24680C60084D4C68E7
S315080133202C60084D4C682C604FF00044064D2C600B
S3150801333030BD0000682D0020640200206C020020C8
S3150801334074020020700200208002002000BFFFF7EF
S315080133500BFF064800680128F9D94FF08050044947
S315080133600860BFF34F8FBFF36F8FF0E7A86900209E
S3150801337004ED00E02DE9F04106460D46174698464C
S31508013380069C0DB9246000E02760E66325640121E7
S31508013390204602F0C1FC84F84C80BDE8F0812DE995
S315080133A0F05F82460E4690469B460A9F0C9C4FEA62
S315080133B08801A522206BECF7A6FFA8F10100216B75
S315080133C001EB800929F0070909F0070008B901206E
S315080133D000E0002050B900BF502080F31188BFF3E8
S315080133E04F8FBFF36F8F00BF00BFFEE786B1002581
S315080133F007E0715D04F134004155705D00B902E0E2
S315080134006D1C102DF5D300BF00214320015502E0A4
S31508013410002084F83400382F00D33727E762E764A1
S3150801342000202065201D02F052F804F1180002F070
S315080134304EF82461C7F13800A06164620020606516
S3150801344084F858005A465146484600F071FB2060F8
S315080134500B9808B10B980460BDE8F09F10B50024DD
S3150801346007E004EB84010F4A02EB810002F022F81F
S31508013470641C382CF5D30C4802F01CF80B4802F0F2
S3150801348019F80B4802F016F80A4802F013F80A4828
S3150801349002F010F804480949086004480849086018
S315080134A010BD0000A8690020086E00201C6E0020CF
S315080134B0306E0020446E0020586E002094020020D1
S315080134C09802002010B50146164800E00068036816
S315080134D08B42FBD30246436813448B4204D14368AB
S315080134E04C682344436001460A464B681344046802
S315080134F0A34211D10C4C03682468A34208D04B6837
S315080135000468646823444B6003681B680B6005E024
S31508013510054B1B680B6001E003680B60884200D00D
S31508013520016010BD640200206C0200202DE9F04103
S3150801353004460D4616461F464FF00008656024618D
S31508013540B5420CD8F01BA169884202D34FF0010895
S3150801355011E0211D0948006801F0BCFF0BE0BE42DD
S3150801356004D2BD4202D34FF0010804E0211D0448EC
S31508013570006801F0AFFF4046BDE8F081D0020020A7
S31508013580CC02002070B5054601F0CAFFA86B08B940
S31508013590012400E0002401F0EDFF204670BD70B55E
S315080135A0054601F0BDFFA86BE96B884201D10124EC
S315080135B000E0002401F0DEFF204670BDF8B505469F
S315080135C00F461A480068C068C468201D01F045FF07
S315080135D094F8280000F00400E8B1A06941192B46C7
S315080135E03A462046FFF7A2FFD8B1002003462A46ED
S315080135F001460090204603F0CBF8064656B900BFAF
S31508013600502080F31188BFF34F8FBFF36F8F00BF30
S3150801361000BFFEE705E094F8280020F0010084F8D1
S3150801362028002046216A8847F8BD0000CC02002000
S31508013630F0B587B0A0E00398002811DA04AE56B9B0
S3150801364000BF502080F31188BFF34F8FBFF36F8FF0
S3150801365000BF00BFFEE7D6E90020B168904700BF6A
S3150801366003980028E6DB059C606908B9012000E09B
S31508013670002010B9201D01F0F0FE02A800F0DEF8C6
S31508013680054603980A2875D2DFE800F009050739C7
S31508013690416306083A4200BF00BF00BF00BF94F865
S315080136A0280040F0010084F828000498A2698118CE
S315080136B003462A462046FFF739FFF8B12046216A14
S315080136C0884794F8280000F00400B8B1002000905B
S315080136D00498A169421800231946204603F058F8B0
S315080136E0074657B900BF502080F31188BFF34F8FA3
S315080136F0BFF36F8F00BF00BFFEE700BF3BE000BF0F
S3150801370094F8280020F0010084F8280033E000BF6F
S3150801371094F8280040F0010084F828000498A06174
S31508013720A06908B1012000E0002050B900BF50206F
S3150801373080F31188BFF34F8FBFF36F8F00BF00BFB0
S31508013740FEE7A06941192B462A462046FFF7EEFEF9
S3150801375011E094F8280000F0020018B9204601F09B
S3150801376027FF05E094F8280020F0010084F82800D6
S3150801377001E0FFE700BF00BF002203A90448006873
S3150801378002F068FC00287FF456AF07B0F0BD0000D0
S31508013790D4020020F8B505460C4602F0BFF8684683
S315080137A000F04CF80646009820BB44B9B54206D845
S315080137B002F030FF31462846FFF700FF1CE03CB116
S315080137C00E480068006808B9012000E00020044698
S315080137D0A91B22460A48006801F0A2FF02F01AFF57
S315080137E050B94FF0805007490860BFF34F8FBFF3B8
S315080137F06F8F01E002F00EFFF8BD0000D002002035
S31508013800D402002004ED00E00A490968096809B9EB
S31508013810012100E0002121B14FF0FF31064A116074
S3150801382006E004490968C968C868034A416811601D
S315080138307047000094020020C002002070B50446BB
S3150801384002F0A2FD054607480068854204D200F049
S315080138500BF80120206001E0002020600148056086
S31508013860284670BDDC0200202DE9F84334E02548DE
S315080138700068C068056823480068C068C468201DD8
S3150801388001F0EBFD2046216A884794F8280000F0EC
S31508013890040008B3A0694619AE4207D966602461D7
S315080138A0211D1848006801F015FE15E000200346A1
S315080138B02A4601460090204602F06AFF074657B994
S315080138C000BF502080F31188BFF34F8FBFF36F8F6E
S315080138D000BF00BFFEE700BF0A480068006808B9D4
S315080138E0012000E000200028C1D00648D0F8008059
S315080138F005480068034908600348C0F80080BDE828
S31508013900F8830000CC020020D00200200E4800688F
S31508013910401C08B9012000E0002050B900BF502022
S3150801392080F31188BFF34F8FBFF36F8F00BF00BFBE
S31508013930FEE700BF502080F31188BFF34F8FBFF316
S315080139406F8F00BF00BFFEE78402002008B500BFE5
S315080139506846FFF7A9FC044620460099FFF71AFFB7
S31508013960FFF766FEF4E770B5044601F0D9FD94F950
S31508013970455010E0606A08B9012000E0002038B916
S3150801398004F1240002F0FAFD18B101F029FF00E064
S3150801399003E0681E45B2002DECDC00BFFF2084F869
S315080139A0450001F0E7FD01F0BBFD94F9445010E034
S315080139B0206908B9012000E0002048B904F1100087
S315080139C002F0DCFD08B101F00BFF681E45B200E00C
S315080139D001E0002DECDC00BFFF2084F8440001F073
S315080139E0C9FD70BD2DE9F04104464FF0000801F00C
S315080139F095FF4948006808B9FFF76AFC4748006817
S31508013A002040002870D1D4B1083404F00700B0B1C1
S31508013A1004F00700C0F10800044404F0070008B9DF
S31508013A20012000E0002050B900BF502080F3118822
S31508013A30BFF34F8FBFF36F8F00BF00BFFEE7002CA8
S31508013A4052D03748006884424ED8364E304605680B
S31508013A5001E02E462D686868A04202D2286800282F
S31508013A60F7D12D48006885423ED0306800F1080834
S31508013A70286830606868001B102819D92F1907F0C3
S31508013A80070008B9012000E0002050B900BF502006
S31508013A9080F31188BFF34F8FBFF36F8F00BF00BF4D
S31508013AA0FEE76868001B78606C603846FFF70AFD18
S31508013AB01B4968680968081A1949086008460068B0
S31508013AC019490968884203D21548006816490860E9
S31508013AD01249686809680843686000202860134825
S31508013AE00068401C1149086002F094FD08F00700BF
S31508013AF008B9012000E0002050B900BF502080F32A
S31508013B001188BFF34F8FBFF36F8F00BF00BFFEE76A
S31508013B104046BDE8F08100006C02002080020020CA
S31508013B20700200206402002074020020780200203E
S31508013B30001F4FF080730360001F21F0010303602B
S31508013B40001F054B036014380260001F6FF0020363
S31508013B5003602038704700000D39010810B52DEDB6
S31508013B60028B04469FED1D0AB0EE408AD4ED000A89
S31508013B7060EEA00A94ED011AD4ED011A41EE210A6C
S31508013B8094ED021AD4ED021A41EE210A94ED031AB4
S31508013B90D4ED031A41EE210AB0EE600AEDF70EF9EB
S31508013BA0B0EE408A94ED000A20EE080A84ED000A78
S31508013BB094ED010A20EE080A84ED010A94ED020A41
S31508013BC020EE080A84ED020A94ED030A20EE080A9B
S31508013BD084ED030ABDEC028B10BD00000000000055
S31508013BE0F0EE400A9FED041A80EE810A9FED031A52
S31508013BF020EE010A70470000DA0F494000003443FD
S31508013C0080ED000AC0ED010AB5EEC01AF1EE10FA10
S31508013C100DD0F5EEC01AF1EE10FA08D081EE812A20
S31508013C2070EEC02A22EE222A80ED022A03E09FEDD9
S31508013C30032A80ED022A0121C160704700000000B5
S31508013C40C168E9B390ED000AD0ED010AB4EEE00AC5
S31508013C50F1EE10FA15D290ED000AD0ED020A30EE17
S31508013C60200A80ED000A90ED000AD0ED010AB4EEB3
S31508013C70E00AF1EE10FA22DD90ED010A80ED000A64
S31508013C801DE090ED000AD0ED010AB4EEE00AF1EE6E
S31508013C9010FA14DD90ED000AD0ED020A30EE600A42
S31508013CA080ED000A90ED000AD0ED010AB4EEE00AB3
S31508013CB0F1EE10FA03D290ED010A80ED000A00E058
S31508013CC00AE090ED000AD0ED010AB4EE600AF1EEC1
S31508013CD010FA01D10021C1607047000038B50446C9
S31508013CE0002000900025844821680160217901712E
S31508013CF06D1D601900880090AD1CBDF8001040F2DA
S31508013D000722881A91426FD021DC40F20512A1EBF5
S31508013D10020091425BD012DC40F20112A1EB0200D3
S31508013D20914243D006DC01292BD0022934D003293C
S31508013D3071D135E001283ED00328F9D140E0FC389D
S31508013D40062868D2DFE800F04A515760686DFB28FB
S31508013D5074D00EDC042872D006DC012873D0022840
S31508013D6078D00328E4D17AE005286BD0FA28DFD188
S31508013D7089E0FC380528E4D2DFE800F0919CA5AE7D
S31508013D80B50060195D4902680A6042684A6002899D
S31508013D900A81807A8872ADE05948615D0170A9E0AF
S31508013DA0611920225748ECF79CFAA3E06119564895
S31508013DB0096801609EE0611954480968016099E043
S31508013DC06019534902880A808078887092E06119DF
S31508013DD050480A880280897881708BE061190D2222
S31508013DE04D48ECF77EFA85E01FE0611910224B4831
S31508013DF0ECF777FA7EE06019494902680A60426879
S31508013E004A608068886075E0611946480A680260F8
S31508013E10097901716EE06CE06119434809880180EE
S31508013E2068E04248615D017064E0601940490268D2
S31508013E300A6082888A80807988715BE029E015E0CA
S31508013E4001E007E018E060193A4902680A608088CB
S31508013E5088804FE061193848096801604AE06019AD
S31508013E60364902680A608088888043E061192822F9
S31508013E703348ECF736FA3DE0611932480A680260C0
S31508013E808988818036E061196A222F48ECF729FA78
S31508013E9030E0611919222D48ECF723FA2AE0611955
S31508013EA02B480A6802604A6842600A890281897A4F
S31508013EB081721FE06019274902680A6042684A60F0
S31508013EC08068886016E0611923480A6802604A68B2
S31508013ED04260098901810DE06019204902680A607A
S31508013EE04068486006E0611969221D48ECF7F9F94E
S31508013EF000E000BF00BF38BD18010020981A002055
S31508013F0022010020A31A00202301002027010020F6
S31508013F102B0100202E010020C31A0020D01A0020F0
S31508013F20E01A002031010020360100203801002066
S31508013F303901002040010020460100204A010020E5
S31508013F40EC1A002050010020141B0020FC1B002045
S31508013F507E1B0020151C0020891B0020560100200D
S31508013F60931B002070B50025A5264F4C95E04F48B8
S31508013F70FCF75FFC054694F8860006287ED2DFE842
S31508013F8000F003142038445FB5420AD10120873472
S31508013F9004F8010C2188481C24F88709A01D4554FA
S31508013FA002E00020A4F8870076E0A580B4F887101F
S31508013FB0481CA4F88700A01D4554022084F88600F1
S31508013FC06AE0A08840EA0520A080B4F88710481C5A
S31508013FD0A4F88700A01D4554A088772803D203209A
S31508013FE084F8860004E0002084F88600A4F8870097
S31508013FF052E034F8871F2088401C24F88709A01D41
S315080140004554042084F8860046E034F8871F208842
S31508014010401C24F88709A01D4554B4F887000528D3
S315080140200DD10521A01D01F021FD18B1052084F847
S31508014030860004E0002084F88600A4F887002BE0B7
S31508014040B4F88710A0880930814207D234F8871F4F
S315080140502088401C24F88709A01D4554B4F8871008
S31508014060A0880930814210D3002084F88600A4F87C
S315080140708700A08800F10901A01D00E006E001F013
S31508014080D5FC10B1A01DFFF729FE05E0002084F834
S315080140908600A4F8870000BF00BF0448FCF741FC6E
S315080140A000287FF464AF70BD3C240020241C002046
S315080140B010B5FFF757FF10BD10B5FEF7F5F84FF429
S315080140C0806202490248FCF7D1FB10BD3C20002062
S315080140D0241C002000B524220249A1F12400F5F789
S315080140E00BF900BDF008002010B52DED048BF8483A
S315080140F0C07A012807D1F648807A012803D101211F
S31508014100F448417702E00021F2484177F048C07A45
S31508014110032806D1EE48807A032802D10120ED4909
S315080141208871EB48C07A022806D1E948807A0228C4
S3150801413002D10020E7498871E548C07A032806D1EB
S31508014140E348807A022802D10320E2498871E048CF
S31508014150C07A022805D1DE48807A032801D1DD49D3
S315080141608871DC48C07F08B3DA4890F82000012836
S315080141700ED1EEF755FAD8490968401A642815D9B7
S31508014180012000F031FEEEF74BFAD34908600DE045
S31508014190EEF746FAD0490968401AC82806D9012017
S315080141A000F022FEEEF73CFACB490860C94890F8C0
S315080141B0220068B9C94890ED1E0ADFEDC90A30EE3A
S315080141C0600A80ED1B0A0021C24880F823100CE022
S315080141D0C24890ED1E0ADFEDC20A30EE200A80EDD4
S315080141E01B0A0121BB4880F82310BA48407F0028E2
S315080141F07ED1B748B0F9000000EE100AB8EEC00A41
S31508014200DFEDB80A80EE201AB24880ED021AB048EE
S31508014210B0F9020000EE100AB8EEC00ADFEDB20AE4
S3150801422080EE201AAB4880ED031AA948C07A012806
S3150801423007D1A748807A032803D10121A548017728
S3150801424002E00021A3480177A248007F012861D135
S315080142500121A0488177A548D0F801100846ECF756
S315080142604DFA41EC190BB0EE490AF0EE690AF9F775
S3150801427027FDB0EE408AF0EE608A9FED9D0B53EC68
S31508014280102B51EC180BECF765FA0DD29748D0F8BC
S31508014290010000EE100A9848D0ED000A80EE201AB7
S315080142A08C4880ED061A04E09FED940A894880ED52
S315080142B0060A8E48D0F805100846ECF71FFA41ECB5
S315080142C0190BB0EE490AF0EE690AF9F7F9FCB0EEF6
S315080142D0408AF0EE608A9FED860B53EC102B51EC69
S315080142E0180BECF737FA0FD28048D0F8050000E032
S315080142F05CE000EE100A8248D0ED000A80EE201A32
S31508014300744880ED051A34E09FED7C0A714880ED0A
S31508014310050A2EE09FED790A10EE100A7349C1F8D5
S3150801432005009FED760A10EE100AC1F801006848EB
S31508014330B0F9040000EE100AB8EEC00A7148D0EDD3
S31508014340000A80EE201A634880ED061A6048B0F923
S31508014350060000EE100AF8EEC00A6B4890ED001A46
S3150801436080EE810ADFED690A20EE200A594880EDC0
S31508014370050A5748C07A032807D15548807A012883
S3150801438003D101215348817702E000215148817701
S315080143904F48B0F9080010F5257F03D101214D4892
S315080143A0C177FDE300214B48C177F9E34948407FCE
S315080143B00128F6D14648C17C46480177007F012885
S315080143C05CD14A48D0F801100846ECF797F941EC58
S315080143D0190BB0EE490AF0EE690AF9F771FCB0EE6D
S315080143E0408AF0EE608A9FED420B53EC102B51EC9C
S315080143F0180BECF7AFF90DD23C48D0F8010000EEE6
S31508014400100A3D48D0ED000A80EE201A314880EDA9
S31508014410061A04E09FED390A2E4880ED060A33484C
S31508014420D0F805100846ECF769F941EC190BB0EE1E
S31508014430490AF0EE690AF9F743FCB0EE408AF0EE54
S31508014440608A9FED2B0B53EC102B51EC180BECF7F4
S3150801445081F90DD22548D0F8050000EE100A284842
S31508014460D0ED000A80EE201A1A4880ED051ABDE043
S315080144709FED220A174880ED050AB7E09FED1F0A4E
S3150801448010EE100A1949C1F805009FED1C0A10EE35
S31508014490100AC1F801000E48008A10B90C48C089F3
S315080144A0C0B30B48008AB0B30948B0F9100000EE52
S315080144B0100AB8EEC00A1648D0ED000A80EE201A96
S315080144C0044890ED050A31EE000A80ED050A3BE045
S315080144D0A0080020541A0020CC0000204016002015
S315080144E000401C460000DC4200005C4278100020B7
S315080144F00000000000000000F0000020000000009D
S31508014500EC000020E8000020E40000203333654277
S31508014510FC00002013E0FFE7FE48C089A0B1FD4872
S31508014520B0F90E0000EE100AB8EEC00AFA48D0ED4E
S31508014530000A80EE201AF94880ED051A04E01FEDFD
S31508014540110AF64880ED050AF248808978B1F148E2
S31508014550B0F90C0000EE100AB8EEC00AF048D0ED2A
S31508014560000A80EE201AED4880ED061A3EE0E94879
S31508014570808A00F40050C0B1E648007D00F02000B2
S3150801458098B1EEF74DF8E7490968401AC8282DD9B8
S31508014590E54890ED000AB1EE400AE04880ED060ACA
S315080145A0EEF73EF8DF49086020E0DA48808A00F431
S315080145B08040B0B1D748007D00F0200088B1EEF701
S315080145C02FF8DA490968401AC8280FD9D64890ED54
S315080145D0000AD24880ED060AEEF722F8D3490860A8
S315080145E004E01FED3A0ACD4880ED060AC948808ADB
S315080145F000F4805058B3C748007D00F0200030BB56
S31508014600EEF70EF8CA490968401AB0F5AF7F1ED908
S31508014610C24890F82200012804D10021BF4880F839
S31508014620221007E0BD4890F8220018B90121BB48BD
S3150801463080F82210BF4890ED1E0AF0EE000A30EE0F
S31508014640600A80ED1E0AEDF7EBFFB9490860B1482B
S31508014650007D00F04000D0B1EDF7E2FFB6490968E8
S31508014660401AB0F5AF7F12D9AC488079032803D137
S315080146700120AA49887106E0A8488079032802D052
S315080146800320A6498871EDF7CBFFAB490860A1481D
S31508014690808A00F40050F8B19E48007D00F02000A1
S315080146A0D0B9EDF7BDFFA5490968401AB0F5AF7F46
S315080146B012D99A488079042803D10120974988712B
S315080146C006E096488079042802D004209349887127
S315080146D0EDF7A6FF994908608E48808A00F4806044
S315080146E008B38C48007D00F02000E0B9EDF798FF8B
S315080146F093490968401AB0F5AF7F14D9874890F8ED
S31508014700240020B90121854880F8241007E0834850
S3150801471090F8240018B10021804880F82410EDF79C
S315080147207FFF874908607B48007D00F00100C8B318
S315080147307A4890ED030AB5EEC00AF1EE10FA03D2F3
S315080147401FED920A80ED030A7448C079012814D135
S31508014750724890ED030ADFED7B0AB4EEE00AF1EE4A
S3150801476010FA6FD290ED030A7748D0ED000A30EEC1
S31508014770200A6A4880ED030A64E0684890ED030A56
S31508014780DFED720AB4EEE00AF1EE10FA0BD290ED03
S31508014790030A6F48D0ED000A30EE200A5F4880ED23
S315080147A0030A4FE005E09FED690A5C4880ED030ABC
S315080147B048E05848007D00F00200B8B3574890ED2C
S315080147C0030AB5EEC00AF1EE10FA03DD1FEDB50ACC
S315080147D080ED030A5148C079012812D14F4890ED5E
S315080147E0030AFAEE000AB4EEE00AF1EE10FA29DD40
S315080147F090ED030ADFED570A30EE600A80ED030AF1
S3150801480020E0464890ED030AFFEE080AB4EEE00AF6
S31508014810F1EE10FA0BDD90ED030A4F48D0ED000AD0
S3150801482030EE600A3D4880ED030A0BE005E0BFEE75
S31508014830080A3A4880ED030A04E01FEDD00A374812
S3150801484080ED030A3348007D00F00400B8B333480D
S3150801485090ED020AB5EEC00AF1EE10FA03DD1FED7E
S31508014860D90A80ED020A2D48C079012812D12B48B0
S3150801487090ED020AF9EE000AB4EEE00AF1EE10FA3A
S3150801488007DD90ED020ADFED350A30EE600A80EDAC
S31508014890020A81E0214890ED020AFFEE080AB4EE09
S315080148A0E00AF1EE10FA77DD90ED020A2C48D0ED18
S315080148B0000A30EE600A194880ED020A6CE0FFE74B
S315080148C01448007D00F0080010B3144890ED020A60
S315080148D0B5EEC00AF1EE10FA03D21FEDF80A80ED23
S315080148E0020A0E48C07901283CD10C4890ED020A0B
S315080148F0F1EE020AB4EEE00AF1EE10FA4CD290EDAE
S31508014900020ADFED160A30EE200A80ED020A43E0BC
S315080149103DE00000A0080020F4000020541A002001
S31508014920F800002090000020C8000020A800002000
S31508014930AC00002040160020B000002094000020A2
S31508014940A000002000007A44E000002000004A424E
S31508014950D00000200AD7233CD40000200AD7A33B65
S31508014960D8000020BC4890ED020AF7EE080AB4EE1A
S31508014970E00AF1EE10FA0FD290ED020AB748D0ED2F
S31508014980000A30EE200AB44880ED020A04E09FEDE1
S31508014990B40AB14880ED020AB248007D00F0100061
S315080149A018B10120AC49C87102E00020AA49C871B2
S315080149B0AC48807C28B1AC480068401CAA4908600C
S315080149C002E00020A8490860A7480068642803DDBA
S315080149D00121A148C17702E000219F48C177A1487A
S315080149E0808A00F40070E8B19E48007D00F020003E
S315080149F0C0B9EDF715FE9D490968401AB0F5AF7FB4
S31508014A0010D9954890F8200020B90121924880F8DC
S31508014A10201003E00021904880F82010EDF700FEF1
S31508014A20924908608F48007D00F08000C8B1EDF713
S31508014A30F7FD8F490968401AB0F5AF7F11D9864845
S31508014A4090F82100012804D10021834880F821101B
S31508014A5003E00121804880F82110EDF7E1FD844942
S31508014A6008608048808A00F48070A8B1EDF7D8FD07
S31508014A7080490968401AB0F5AF7F0DD97648807F1D
S31508014A8018B901217448817702E0002172488177BB
S31508014A90EDF7C6FD774908607248808A00F4007010
S31508014AA048B37048007D00F0200020B3EDF7B8FD4B
S31508014AB071490968401AB0F5AF7F1CD96F4890ED66
S31508014AC0110AF2EE040A30EE200A80ED110A90ED81
S31508014AD0120AF2EE040A30EE200A80ED120A90ED6F
S31508014AE0130AF2EE040A30EE200A80ED130AEDF7F6
S31508014AF097FD614908605B48808A00F4806048B385
S31508014B005848007D00F0200020B3EDF789FD5C4987
S31508014B100968401AB0F5AF7F1CD9584890ED110ABB
S31508014B20F2EE040A30EE600A80ED110A90ED120ADF
S31508014B30F2EE040A30EE600A80ED120A90ED130ACD
S31508014B40F2EE040A30EE600A80ED130AEDF768FD0D
S31508014B504B4908604348808A00F4804030B1414897
S31508014B60007D00F0200008B9F5F746FF3D48808A28
S31508014B7000F4004008B1FEF715F93A48808A00F4B6
S31508014B80006030B3EDF74CFD3E490968401AB0F5AF
S31508014B90AF7F1ED930488079022805D0022000E06F
S31508014BA056E02D49887106E02B488079022802D102
S31508014BB001202949887128488079022800D104E012
S31508014BC025488079022800D000BFEDF729FD2D4937
S31508014BD008602448007D00F0010070B92148007D75
S31508014BE000F0020048B91F48007D00F0040020B912
S31508014BF01C48007D00F0080030B11748807902286A
S31508014C0002D10120144988711648808A00F480501F
S31508014C10F0B11448007D00F02000C8B1EDF700FDA1
S31508014C2019490968401AB0F5AF7F11D917480068C4
S31508014C3018B901201549086006E0144800680128DA
S31508014C4002D1002011490860EDF7EAFC0E49086017
S31508014C50BDEC048B10BD0000541A0020DC000020B6
S31508014C6000000000A008002078000020B8000020FD
S31508014C70A4000020BC000020B4000020E02500208C
S31508014C809C0000208C000020C40000205000002059
S31508014C9010B504461349B1F90000FBF7BEFD18B972
S31508014CA000201149088008E00F49B1F900000021E8
S31508014CB0FBF73AFE00B20C4908800A49B1F902002D
S31508014CC0FBF7ABFD18B900200749488008E00649FB
S31508014CD0B1F902000121FBF727FE00B2024948801B
S31508014CE010BD0000B6080020A008002010B500B1CC
S31508014CF001B910BD0378447843EA0423C3F30A03D0
S31508014D000B8013804378DB10847843EA4413C3F39A
S31508014D100A034B80538083789B11C47843EA840342
S31508014D20047943EA8423C3F30A038B8093800379C6
S31508014D305B10447943EAC413C3F30A03CB8043796E
S31508014D40C3F301138B7243791B119C08CC728379C7
S31508014D50C47943EA04231BB28B81037A447A43EA72
S31508014D6004231CB201F10C03CC81837AC47A43EA89
S31508014D7004231CB201F10C030C82047B8C74447B62
S31508014D80CC74837BC47B43EA04238B82037C447CF7
S31508014D9043EA04231BB20B810B88A3F580631BB27C
S31508014DA00B8013804B88A3F580631BB24B8053801D
S31508014DB08B88A3F580631BB28B809380CB88A3F580
S31508014DC080631BB2CB800B89A3F580631BB20B8171
S31508014DD00A4600BF8DE70000C1EBC102014B23F86B
S31508014DE032007047A003002010B50446002004498C
S31508014DF081F83C00204600F0C5F9204610BD0000A8
S31508014E00E025002010B59FED362ADFED361A9FED15
S31508014E10341ADFED330AB3EE090A3348FDF76AFEA1
S31508014E209FED2F2ADFED2F1A9FED2D1ADFED2C0AA4
S31508014E30B3EE090A2D48FDF75DFE9FED292ADFED40
S31508014E40291A9FED271ADFED260AB3EE090A284823
S31508014E50FDF750FE9FED222ADFED261A9FED261A51
S31508014E60DFED1F0AB0EE080A2448FDF743FE9FED61
S31508014E701C2ADFED231A9FED1A1ADFED190AB6EE81
S31508014E80000A2048FDF736FE01201F4981F83C003B
S31508014E9081F83D009FED120A084680ED080A9FED4C
S31508014EA0100A80ED070A9FED0E0A80ED000A9FEDB4
S31508014EB00C0A80ED010A9FED0A0A80ED020A5520C7
S31508014EC008649FED120A084680ED110A9FED0F0A44
S31508014ED080ED130A9FED0D0A80ED120A10BD000040
S31508014EE00000000000803B45382500207025002081
S31508014EF0A825002000606A4600007C42C8240020DC
S31508014F0000007A4600250020E025002000A0A545DE
S31508014F1010B52DED028B9CB00620FBF70BFB3C4828
S31508014F20D0ED021AB0EE611AD0ED011AF0EE610A5F
S31508014F30D0ED001AB0EE610A00F0B2F8344890F8E4
S31508014F403C0000BB33480078012808D1304890ED71
S31508014F50080AD0ED070A30EE200A80ED080A2E4825
S31508014F60FEF76EFE2C4890ED001AF0EE410A28482D
S31508014F7090ED071AB0EE410A2848FDF7B3FC24481C
S31508014F8080ED0C0A09E0224890F83C00012804D17A
S31508014F901F4890ED0D0A80ED0C0A214890F8210072
S31508014FA0012824D106216846FBF78EFD3822694679
S31508014FB00EA8EBF796F9BDF93C0000EE100AB8EE1B
S31508014FC0C00AB0EE408A124890ED0C0AF0EE400A8B
S31508014FD0B0EE480A1348FDF785FCBDEEC00A10EE8F
S31508014FE0100A04B206212046FFF7F6FE07E00C4830
S31508014FF090F8210018B906210020FFF7EDFE0448B4
S3150801500090F83C00034908701CB0BDEC028B10BD3A
S31508015010E025002068010020302600200025002018
S31508015020541A0020C824002010B589B0044619492D
S3150801503003C9CDE9070114F57A7F14DA07A84FF4F5
S315080150405C716E220223CDE90332CDE905100820F1
S315080150501221CDE900310290052302220EA10F4843
S31508015060ECF72AFB14E007A84FF45C716E220223C1
S31508015070CDE90332CDE905100820122103220523C3
S31508015080CDE900210290022203A10448ECF714FBA2
S3150801509009B010BD906E010830313300FE110020B1
S315080150A010B52DED048B9CB0B0EE408AB0EE609A37
S315080150B0F0EE418A0B216846FBF706FD3822694660
S315080150C00EA8EBF70EF9BDF93C0000EE100AB8EE92
S315080150D0C00AF0EE409AF1EE480A2748FDF702FCAD
S315080150E0BDEEC00A10EE100A04B20B212046FFF7E6
S315080150F073FE0D216846FBF7E7FC382269460EA8C0
S31508015100EBF7EFF8BDF93C0000EE100AB8EEC00A5D
S31508015110F0EE409AF1EE680A1848FDF7E3FBBDEE9A
S31508015120C00A10EE100A04B20D212046FFF754FEFC
S315080151300C216846FBF7C8FC382269460EA8EBF72E
S31508015140D0F8BDF93C0000EE100AB8EEC00AF0EE40
S31508015150409AF0EE490A0A48FDF7C4FBBDEEC00ABB
S3150801516010EE100A04B20C212046FFF735FE1CB0DA
S31508015170BDEC048B10BD00003825002070250020E9
S31508015180A825002010B504461E4890ED040ADFED57
S315080151901E0AB4EEE00AF1EE10FA31D21B4890F875
S315080151A0210001282CD1174890ED081ADFED181AAD
S315080151B031EE211AF0EE410A90ED081AB0EE410AD5
S315080151C0F7EE001ABFEE001A1248FEF719FD0D4850
S315080151D0D0ED080A104904FB01F000EE100AB8EEFA
S315080151E0C00A30EE800A074880ED080A0B480068B5
S315080151F0401C0A490860034890ED070A80ED0A0A2F
S3150801520010BD0000E025002000A08CC5541A00201E
S3150801521000E2CCC6302600208F99FFFF6C010020E2
S3150801522000B59DB00B20FBF785F90D20FBF782F938
S315080152300C20FBF77FF90B216846FBF745FC382262
S3150801524069460EA8EBF74DF8BDF93C0000EE100AC9
S31508015250B8EEC00A264880ED040A0D216846FBF718
S3150801526033FC382269460EA8EBF73BF8BDF93C003A
S3150801527000EE100AB8EEC00A1D4880ED060A0C2198
S315080152806846FBF721FC382269460EA8EBF729F890
S31508015290BDF93C0000EE100AB8EEC00A144880EDCC
S315080152A0050A0620FBF746F906216846FBF70CFCBA
S315080152B0382269460EA8EBF714F8DDE912211046E3
S315080152C0EBF7BBF90A49C86106216846FBF7FCFBFF
S315080152D0382269460EA8EBF704F8BDF93C0000EE42
S315080152E0100AB8EEC00A024880ED0C0A1DB000BDCE
S315080152F0E025002010B500EE100A2DED028BB1EE67
S31508015300C08A18EE100A20F00040C0F1FF40C00F15
S315080153100AD010EE100A20F00040C0F1FF40C00F7D
S3150801532004BF0120F9F70AFB18EE100ABDEC028B3F
S3150801533010BD000010B588B0044617A00068079094
S31508015340A4B107A84FF44D716E220223CDE90332A9
S31508015350CDE9051003201221CDE90031029005237C
S3150801536002220EA10E48ECF7A7F913E007A84FF49D
S315080153704D716E220223CDE90332CDE905100320D2
S315080153801221CDE900010523022204A10290044855
S31508015390ECF792F908B010BD436170003031360060
S315080153A08512002010B5064B064A07490748F4F747
S315080153B0D1FE074B074A08490848F4F7CBFE10BD4A
S315080153C07C7500201C75002050740020100E0020EA
S315080153D09C7600203C760020D87400201C0F002003
S315080153E091ED000AB1EE400A80ED010A91ED010A3C
S315080153F0B1EE400A80ED020A91ED020AB1EE400AC9
S3150801540080ED030A91ED000A80ED040A91ED020A86
S3150801541080ED060A91ED010AB1EE400A80ED070A10
S3150801542091ED010A80ED080A91ED020AB1EE400AF2
S3150801543080ED090A91ED000A80ED0B0A91ED020A49
S3150801544080ED0C0A91ED010A80ED0D0A91ED000A35
S31508015450B1EE400A80ED0E0A704701460A69D1E9A4
S3150801546001309860D1E9010358605068884201D13A
S3150801547088685060002008611068401E1060106836
S3150801548070470000034B0360034B0B6080231360D6
S3150801549070470000B02600200C270020034B03604C
S315080154A0034B0B604FF48073136070470C2900207F
S315080154B06829002000F1080141604FF0FF31816041
S315080154C000F10801C16001610021016070470021F6
S315080154D00161704710B502460B685C1C0CB910696E
S315080154E007E002F1080000E04068446824689C422D
S315080154F0FAD944684C604C68A160886041600A61C9
S315080155001468641C146010BD42684A6093688B6015
S31508015510936859609160086103685B1C0360704772
S3150801552000BF502080F31188BFF34F8FBFF36F8FF1
S3150801553000BF0E480068401C0C4908600846006810
S31508015540012812D10A480068C0B208B9012000E052
S31508015550002050B900BF502080F31188BFF34F8F48
S31508015560BFF36F8F00BF00BFFEE7704784020020BC
S3150801557004ED00E00D48006850B900BF502080F3E3
S315080155801188BFF34F8FBFF36F8F00BF00BFFEE7D0
S3150801559006480068401E054908600846006820B9A3
S315080155A0002080F3118800BF00BF704784020020E5
S315080155B070B506463546002E44D0083D2C4622498C
S315080155C060680968084008B1012000E0002050B968
S315080155D000BF502080F31188BFF34F8FBFF36F8F41
S315080155E000BF00BFFEE7206808B9012000E00020DF
S315080155F050B900BF502080F31188BFF34F8FBFF316
S315080156006F8F00BF00BFFEE70F4960680968084051
S31508015610C0B12068B0B90C49606809688843606000
S3150801562000F07CF909496068096808440749086077
S315080156302046FDF747FF06480068401C04490860F4
S3150801564000F0E8FF70BD0000800200207002002013
S315080156507C02002000204FF0E0210861886106489D
S3150801566000684FF47A71B0FBF1F0401E4FF0E0216B
S3150801567048610720086170472403002070B5EAF7DE
S31508015680E9FD0446102C16D304F1E02090F8F053F6
S3150801569015480078854201DB012000E0002050B959
S315080156A000BF502080F31188BFF34F8FBFF36F8F70
S315080156B000BF00BFFEE70D48006800F4E0600C4932
S315080156C00968884201D8012000E0002050B900BFCE
S315080156D0502080F31188BFF34F8FBFF36F8F00BF40
S315080156E000BFFEE770BD0000880200200CED00E057
S315080156F08C020020024600200BE0084B53F830309C
S3150801570033B9064B43F8301003EBC0035A6002E085
S31508015710401C0828F1D300BF7047000068690020C3
S315080157202DE9F04105460E4617462C46FFF7F8FEC9
S3150801573094F94400401C10B9002084F8440094F9F7
S315080157404500401C10B9002084F84500FFF712FFF8
S31508015750A06B28B93A46314604F1240000F062F8F4
S315080157602046FEF700F9BDE8F081000070B5044651
S315080157700025D4B11248006808B9012000E00020CC
S3150801578050B900BF502080F31188BFF34F8FBFF384
S315080157906F8F00BF00BFFEE700F0C0F8002120466A
S315080157A0FDF70EFC00F036FF05463DB94FF0805077
S315080157B004490860BFF34F8FBFF36F8F70BD0000B8
S315080157C0C802002004ED00E00349096801600349A5
S315080157D00968416070470000B8020020A402002051
S315080157E00120014908607047B402002070B50446DB
S315080157F00D4654B900BF502080F31188BFF34F8F6F
S31508015800BFF36F8F00BF00BFFEE705480168183177
S315080158102046FFF75FFE01212846FDF7D1FB70BD43
S315080158209002002070B505460E46144655B900BFCC
S31508015830502080F31188BFF34F8FBFF36F8F00BFDE
S3150801584000BFFEE70648016818312846FFF75CFEE7
S315080158500CB14FF0FF3621463046FDF7B1FB70BD5E
S315080158609002002010B586B000200590049003AA86
S3150801587004A905A8FFF706FE0022DDE90410134670
S31508015880CDE9002102901EA11F48039A00F00EFDE2
S315080158901E4908600846006808B1012400E0002492
S315080158A0012C02D100F038FF0446012C15D100BFA6
S315080158B0502080F31188BFF34F8FBFF36F8F00BF5E
S315080158C04FF0FF3012490860012012490860002094
S315080158D01149086000F0E2F810E0601C08B10120E7
S315080158E000E0002050B900BF502080F31188BFF3B3
S315080158F04F8FBFF36F8F00BF00BFFEE706B010BD25
S3150801590049444C45000000004D330108C4020020FB
S31508015910C0020020AC020020A40200200248006850
S31508015920401C014908607047C80200201E480068EB
S3150801593018B101201D49086034E000201B490860A0
S315080159401B4801680CE051B900BF502080F311884B
S31508015950BFF34F8FBFF36F8F00BF00BFFEE7491E2E
S3150801596001EB8100134A52F8200008B9012000E032
S3150801597000200028E7D101EB81020E4B03EB8200E0
S3150801598042685268426000F108024368934202D1B4
S315080159904268526842604268D268074B1A600448F6
S315080159A0016000BF70470000C8020020B402002051
S315080159B0A8020020A86900209002002010B52DED4C
S315080159C0088B0446B0EE408A18EE100AEAF796FEEE
S315080159D041EC190B94ED000A10EE101A0846EAF785
S315080159E08DFE41EC1B0BB0EE4B0AF0EE6B0AF8F795
S315080159F067F9B0EE40AAF0EE60AA53EC192B51EC08
S31508015A001A0BEAF7A7FE0DD294ED000AB5EEC00A05
S31508015A10F1EE10FA02DD84ED008A03E0B1EE480AE0
S31508015A2084ED000ABDEC088B10BD000070B5054673
S31508015A300C4600260DB1022C01D8002070BDA11E0E
S31508015A40094802882846FAF79FFF0646F1B2A01EC2
S31508015A50285C814206D1601E285CB0EB162F01D165
S31508015A600120EBE70020E9E70000002070B50546B4
S31508015A700C4600260DB1022C01D8002070BD611E0E
S31508015A80FF222846FAF79AFF0646601E285CB042AE
S31508015A9001D10120F2E70020F0E700001CB55248C9
S31508015AA000685249884201D0012000E0002050B91F
S31508015AB000BF502080F31188BFF34F8FBFF36F8F5C
S31508015AC000BF00BFFEE7484800684849491E8842AA
S31508015AD001D0012000E0002050B900BF502080F31A
S31508015AE01188BFF34F8FBFF36F8F00BF00BFFEE76B
S31508015AF03F49084600780190FF200A46107008467B
S31508015B00007800909DF8000000F0F0009DF8002054
S31508015B10904201D1012000E0002050B900BF502079
S31508015B2080F31188BFF34F8FBFF36F8F00BF00BF9C
S31508015B30FEE79DF8000000F050002E4A107007207D
S31508015B402D4A106009E02C480068401E2A4A106058
S31508015B509DF800004006000E00909DF8000000F038
S31508015B6080008028EFD024480068C0F10700042887
S31508015B7001D1012000E0002050B900BF502080F378
S31508015B801188BFF34F8FBFF36F8F00BF00BFFEE7CA
S31508015B90194800680002184A10601046008800F487
S31508015BA0E0601060124A019810700F4820300068B2
S31508015BB040F470000C49203108600846006840F03E
S31508015BC070400860FFF746FD00200C490860EAF7B7
S31508015BD009FB0B48006840F0404009490860EAF7AC
S31508015BE0EDFA00201CBD000000ED00E071C20F4176
S31508015BF000E400E0880200208C02002084020020D4
S31508015C0034EF00E010B500BF502080F31188BFF3D0
S31508015C104F8FBFF36F8F00BF00F0BCFB18B14FF079
S31508015C2080500449086000BF002080F3118800BF36
S31508015C3010BD000004ED00E02DE9F84380460E464C
S31508015C4017461D46DDF82090B8F1000F01D0012056
S31508015C5000E0002050B900BF502080F31188BFF33F
S31508015C604F8FBFF36F8F00BF00BFFEE70DB1012055
S31508015C7000E0002050B900BF502080F31188BFF31F
S31508015C804F8FBFF36F8F00BF00BFFEE707B10EB19D
S31508015C90012000E0002050B900BF502080F3118890
S31508015CA0BFF34F8FBFF36F8F00BF00BFFEE707B982
S31508015CB00EB9012000E0002050B900BF502080F342
S31508015CC01188BFF34F8FBFF36F8F00BF00BFFEE789
S31508015CD0502000900098502801D1012000E00020B2
S31508015CE050B900BF502080F31188BFF34F8FBFF31F
S31508015CF06F8F00BF00BFFEE700BF2C464CB10120E5
S31508015D0084F846004B463A46314640460094FDF72C
S31508015D1031FB2046BDE8F88370B505460E462C468C
S31508015D2054B900BF502080F31188BFF34F8FBFF3DA
S31508015D306F8F00BF00BFFEE7FFF7F2FBD4E90F1232
S31508015D40206801FB0200A0600020A0632068606053
S31508015D50E06B401E226C216800FB0211E160FF2006
S31508015D6084F8440084F845009EB9206908B90120E1
S31508015D7000E00020A8B904F1100000F0FFFB80B193
S31508015D804FF0805009490860BFF34F8FBFF36F8FFB
S31508015D9007E004F11000FFF78DFB04F12400FFF77B
S31508015DA089FBFFF7E7FB012070BD000004ED00E069
S31508015DB02DE9FF4383B0064688461D464FF0000984
S31508015DC0344654B900BF502080F31188BFF34F8F72
S31508015DD0BFF36F8F00BF00BFFEE7B8F1000F01D117
S31508015DE0206C08B9012000E0002050B900BF5020FE
S31508015DF080F31188BFF34F8FBFF36F8F00BF00BFCA
S31508015E00FEE7022D02D1E06B012801D1012000E055
S31508015E10002050B900BF502080F31188BFF34F8F7F
S31508015E20BFF36F8F00BF00BFFEE700F09DFA08B908
S31508015E30059808B9012000E0002050B900BF50209C
S31508015E4080F31188BFF34F8FBFF36F8F00BF00BF79
S31508015E50FEE700BFFFF764FBA06BE16B884201D345
S31508015E60022D28D12A4641462046FDF7B6F90746AE
S31508015E70606A08B9012000E0002068B904F124002D
S31508015E8000F07CFB88B14FF0805032490860BFF3BF
S31508015E904F8FBFF36F8F08E03FB14FF080502D4908
S31508015EA00860BFF34F8FBFF36F8FFFF763FB0120C6
S31508015EB007B0BDE8F083059818B9FFF75BFB00202A
S31508015EC0F6E7B9F1000F04D101A8FFF77DFC4FF001
S31508015ED00109FFF74FFBFFF721FDFFF721FB94F9B6
S31508015EE04400401C10B9002084F8440094F9450088
S31508015EF0401C10B9002084F84500FFF73BFB05A9B3
S31508015F0001A800F05BF9F0B92046FDF748FBA0B1FE
S31508015F1004F110000599FFF769FC2046FDF723FDFA
S31508015F2000F078FB002895D14FF0805009490860A8
S31508015F30BFF34F8FBFF36F8F8CE72046FDF713FD35
S31508015F4000F068FB86E72046FDF70DFD00F062FBD1
S31508015F500020ADE704ED00E02DE9F84F07468A4633
S31508015F6090461E463C4654B900BF502080F311881E
S31508015F70BFF34F8FBFF36F8F00BF00BFFEE7BAF1C4
S31508015F80000F01D1206C08B9012000E0002050B9AA
S31508015F9000BF502080F31188BFF34F8FBFF36F8F77
S31508015FA000BF00BFFEE7022E02D1E06B012801D136
S31508015FB0012000E0002050B900BF502080F311886D
S31508015FC0BFF34F8FBFF36F8F00BF00BFFEE7FFF729
S31508015FD055FB00BF5021EFF3118081F31188BFF300
S31508015FE04F8FBFF36F8F00BF0546A06BE16B8842E9
S31508015FF001D3022E25D194F945B0A06B0090324603
S3150801600051462046FDF7E9F80BF1010088B9606AA7
S3150801601008B9012000E0002050B904F1240000F07D
S31508016020ADFA28B1B8F1000F02D00120C8F8000076
S3150801603004E00BF1010040B284F845004FF0010974
S3150801604001E04FF0000900BF85F3118800BF4846FB
S31508016050BDE8F88F2DE9F74183B005460E464FF0A6
S3150801606000082C4654B900BF502080F31188BFF3AD
S315080160704F8FBFF36F8F00BF00BFFEE70EB9206CCD
S3150801608008B9012000E0002050B900BF502080F374
S315080160901188BFF34F8FBFF36F8F00BF00BFFEE7B5
S315080160A000F062F908B9059808B9012000E0002056
S315080160B050B900BF502080F31188BFF34F8FBFF34B
S315080160C06F8F00BF00BFFEE700BFFFF729FAA76B76
S315080160D0F7B131462046FDF76BF8781EA0632069B3
S315080160E008B9012000E0002060B904F1100000F0B1
S315080160F045FA38B14FF080502F490860BFF34F8FEA
S31508016100BFF36F8FFFF736FA012006B0BDE8F081BD
S31508016110059818B9FFF72EFA0020F6E7B8F1000F2F
S3150801612004D101A8FFF750FB4FF00108FFF722FA47
S31508016130FFF7F4FBFFF7F4F994F94400401C10B992
S31508016140002084F8440094F94500401C10B9002049
S3150801615084F84500FFF70EFA05A901A800F02EF804
S31508016160F0B92046FDF70EFAA0B104F1240005990D
S31508016170FFF73CFB2046FDF7F6FB00F04BFA00283B
S31508016180A3D14FF080500C490860BFF34F8FBFF37E
S315080161906F8F9AE72046FDF7E6FB00F03BFA94E796
S315080161A02046FDF7E0FB00F035FA2046FDF7EAF94F
S315080161B000288AD00020A8E704ED00E070B505465E
S315080161C00C4655B900BF502080F31188BFF34F8F95
S315080161D0BFF36F8F00BF00BFFEE754B900BF502061
S315080161E080F31188BFF34F8FBFF36F8F00BF00BFD6
S315080161F0FEE7FFF795F9124802686868131A2068DE
S31508016200401C08B9002617E00E4928680968884223
S3150801621004D06868904201D801260DE020689842AA
S3150801622007D92068C01A20602846FFF7CDFA00264C
S3150801623002E0002020600126FFF79CF9304670BD78
S31508016240A4020020B80200202DE9FF4F85B0804640
S3150801625089461746DDE912ABB800FDF7C3FB0646CA
S3150801626056B15C20FDF7BEFB04460CB1266304E07B
S315080162703046FFF79DF900E000248CB1002084F830
S315080162805900CDE900ABCDE902403A4649464046B8
S31508016290089BFDF784F82046FCF7D0FE012501E0AE
S315080162A04FF0FF35284609B0BDE8F08F2DE9F04FCC
S315080162B085B00746884691469A46DDE90EB6109C92
S315080162C00EB1012000E0002050B900BF502080F334
S315080162D01188BFF34F8FBFF36F8F00BF00BFFEE773
S315080162E00CB1012000E0002050B900BF502080F316
S315080162F01188BFF34F8FBFF36F8F00BF00BFFEE753
S315080163005C20039003985C2801D1012000E000205D
S3150801631050B900BF502080F31188BFF34F8FBFF3E8
S315080163206F8F00BF00BFFEE700BFB4B1AEB125460F
S315080163302C462E63022085F85900002004A95346ED
S315080163404A46CDE900B1CDE9025041463846FDF746
S3150801635026F82846FCF772FE01E00020049004980E
S3150801636005B0BDE8F08F00000549096809B90120A3
S3150801637005E00449096809B9022000E000207047D0
S31508016380AC020020C80200200149086870470000D5
S31508016390A40200202DE9F0414FF0000843480068A7
S315080163A000287BD142480068451C4148056015BB59
S315080163B040480068006808B9012000E0002050B98B
S315080163C000BF502080F31188BFF34F8FBFF36F8F43
S315080163D000BF00BFFEE737480768374800683549F8
S315080163E008603548076035480068401C334908602D
S315080163F0FDF70AFA00BF3248006885423BD300BF61
S315080164002C480068006808B9012000E0002020B186
S315080164104FF0FF302A4908602CE026480068C0681A
S31508016420C4686668B54202D22548066022E0201D86
S31508016430FFF713F8A06A18B104F11800FFF70DF871
S315080164402049E06A0968884202D91E49E06A08605B
S31508016450E16A01EB81011C4A02EB8100211DFFF76C
S3150801646053F81A49E06A0968C96A8842C8D34FF0DD
S315080164700108C5E700BF15480068C06A00EB80003F
S31508016480114951F82000012801D94FF00108104897
S31508016490006808B14FF0010805E0FFE70D480068FC
S315080164A0401C0C4908604046BDE8F081C80200203E
S315080164B0A40200209402002098020020B8020020BD
S315080164C0C0020020A8020020A8690020900200202E
S315080164D0B4020020B002002070B505462C460026FD
S315080164E0002D43D022480068844201D1012000E0F2
S315080164F0002050B900BF502080F31188BFF34F8F99
S31508016500BFF36F8F00BF00BFFEE7206D50B900BF14
S31508016510502080F31188BFF34F8FBFF36F8F00BFF1
S3150801652000BFFEE7206D401E2065E16CE06A8842E7
S315080165301CD0206DD0B9201DFEF78FFFE06CE062FC
S31508016540E06AC0F13800A0610A49E06A0968884230
S3150801655002D90849E06A0860E16A01EB8101064A45
S3150801656002EB8100211DFEF7CFFF0126304670BDE3
S3150801657090020020A8020020A869002070B50646EE
S31508016580F068C46854B900BF502080F31188BFF37E
S315080165904F8FBFF36F8F00BF00BFFEE704F11800EE
S315080165A0FEF75BFF15480068A0B9201DFEF755FFE9
S315080165B01349E06A0968884202D91149E06A086004
S315080165C0E16A01EB81010F4A02EB8100211DFEF709
S315080165D09BFF04E004F118010B48FEF795FF0B49F0
S315080165E0E06A0968C96A884204D90125012008496F
S315080165F0086000E00025284670BD0000C80200209A
S31508016600A8020020A8690020306E00209002002010
S31508016610B402002070B5002400263648006850B937
S3150801662000BF502080F31188BFF34F8FBFF36F8FE0
S3150801663000BF00BFFEE7FEF773FF2E480068401E45
S315080166402C4908600846006800284ED12A48006887
S3150801665000284AD023E02948C068C46804F1180014
S31508016660FEF7FBFE201DFEF7F8FE2549E06A0968DC
S31508016670884202D92249E06A0860E16A01EB810190
S31508016680204A02EB8100211DFEF73EFF1E49E06A02
S315080166900968C96A884202D301201C49086017485B
S315080166A0006808B9012000E000200028D3D00CB109
S315080166B0FDF7AAF81648056865B100BFFFF76AFE37
S315080166C010B10120114908606D1E002DF6D1002078
S315080166D00F4908600D48006838B1012630070D4991
S315080166E00860BFF34F8FBFF36F8FFEF743FF304646
S315080166F070BD0000C8020020A0020020306E0020F4
S31508016700A8020020A869002090020020B4020020F7
S31508016710B002002004ED00E010B586B00024FCF7B5
S31508016720E9FC16480068D0B100200590049003AA38
S3150801673004A905A8FEF7B2FE0222DDE9041000232A
S31508016740CDE9002102900EA10F48039AFFF7AEFD8D
S315080167500E4908600846006800B1012400BF54B913
S3150801676000BF502080F31188BFF34F8FBFF36F8F9F
S3150801677000BF00BFFEE7204606B010BDD4020020C8
S31508016780546D7220537663004D390108D8020020F2
S315080167902DE9FF4704460D4616461F46DDF83080AB
S315080167A04FF0000954B900BF502080F31188BFF398
S315080167B04F8FBFF36F8F00BF00BFFEE71448006815
S315080167C010B3009501960294062D15DAFFF7CCFD54
S315080167D0022808D10023424669460D480068FFF79A
S315080167E0E7FA814610E000231A4669460848006818
S315080167F0FFF7DEFA814607E000233A466946044870
S315080168000068FFF7A9FB8146484604B0BDE8F08752
S31508016810D4020020FF005EBCE2613FDD83C29C7E9C
S3150801682020A3FD1F419DC3217FFCA2401E5F01E3FA
S31508016830BD3E6082DC237D9FC1421CFEA0E1BF5D97
S315080168400380DE3C62BEE0025CDF81633D7C22C0E0
S315080168509E1D43A1FF4618FAA427799BC584DA38F9
S3150801686066E5BB5907DB856739BAE406581947A5B2
S31508016870FB7826C49A653BD987045AB8E6A7F91B5B
S3150801688045C6987A24F8A6441A99C7257B3A648698
S31508016890D85B05E7B98CD2306EEDB3510F4E10F2C5
S315080168A0AC2F7193CD114FADF3702ECC92D38D6F62
S315080168B031B2EC0E50AFF1134DCE90722C6D33D12F
S315080168C08F0C52B0EE326C8ED0530DEFB1F0AE4C48
S315080168D01291CF2D73CA947628ABF517490856B489
S315080168E0EA6937D58B5709EBB536688AD495CB292A
S315080168F077F4AA4816E9B7550B88D6346A2B7597E3
S31508016900C94A14F6A8742AC896154BA9F7B6E80A0F
S3150801691054D7896B35000000891112239B3224460E
S31508016920AD573665BF74488CC19D5AAFD3BE6CCA84
S31508016930E5DB7EE9F7F88110080193331A22A5569B
S315080169402C47B7753E64C99C408DDBBF52AEEDDA64
S3150801695064CBFFF976E802218B301002991326677A
S31508016960AF763444BD554AADC3BC588ED19F6EEB44
S31508016970E7FA7CC8F5D983310A2091121803A7775B
S315080169802E66B5543C45CBBD42ACD99E508FEFFB24
S3150801699066EAFDD874C904428D5316619F702004B6
S315080169A0A9153227BB364CCEC5DF5EEDD7FC688804
S315080169B0E1997AABF3BA85520C4397711E60A1141B
S315080169C02805B3373A26CDDE44CFDFFD56ECE998E4
S315080169D06089FBBB72AA06638F7214409D512225FA
S315080169E0AB343006B9174EEFC7FE5CCCD5DD6AA9C4
S315080169F0E3B8788AF19B87730E6295501C41A335DB
S31508016A002A24B1163807CFFF46EEDDDC54CDEBB9A3
S31508016A1062A8F99A708B088481951AA793B62CC235
S31508016A20A5D33EE1B7F04008C919522BDB3A644EAB
S31508016A30ED5F766DFF7C899400859BB712A6ADD272
S31508016A4024C3BFF136E0C1184809D33B5A2AE55E8B
S31508016A506C4FF77D7E6C0AA583B4188691972EE351
S31508016A60A7F23CC0B5D14229CB38500AD91B666F6B
S31508016A70EF7E744CFD5D8BB502A499961087AFF332
S31508016A8026E2BDD034C1C3394A28D11A580BE77F4B
S31508016A906E6EF55C7C4D0CC685D71EE597F428808D
S31508016AA0A1913AA3B3B2444ACD5B5669DF78600C2B
S31508016AB0E91D722FFB3E8DD604C79FF516E4A990F2
S31508016AC02081BBB332A2C55A4C4BD7795E68E11C0B
S31508016AD0680DF33F7A2E0EE787F61CC495D52AA1D1
S31508016AE0A3B03882B193466BCF7A5448DD59622DEB
S31508016AF0EB3C700EF91F8FF706E69DD414C5ABB1B2
S31508016B0022A0B9923083C77B4E6AD5585C49E33DCA
S31508016B106A2CF11E780F00001D9E4F39C4F325BA61
S31508016B20A188CD3AD89358BB59F0CC3BBF7333BC37
S31508016B30A363943C3D9EEBBC6EA6363D0B548DBDBE
S31508016B406AC2E23DF7B14EBED212223FD212223FAD
S31508016B50F7B14EBE6AC2E23D0B548DBD6EA6363DF7
S31508016B603D9EEBBCA363943CBF7333BC59F0CC3B4D
S31508016B70D89358BBA188CD3AC4F325BA1D9E4F397F
S31508016B805AF8F63F5D896EBFD5A9183BFF005EBC72
S31508016B90E2613FDD83C29C7E20A3FD1F419DC32187
S31508016BA07FFCA2401E5F01E3BD3E6082DC237D9F20
S31508016BB0C1421CFEA0E1BF5D0380DE3C62BEE0026D
S31508016BC05CDF81633D7C22C09E1D43A1FF4618FA06
S31508016BD0A427799BC584DA3866E5BB5907DB85673F
S31508016BE039BAE406581947A5FB7826C49A653BD9EC
S31508016BF087045AB8E6A7F91B45C6987A24F8A64425
S31508016C001A99C7257B3A6486D85B05E7B98CD230D1
S31508016C106EEDB3510F4E10F2AC2F7193CD114FADEE
S31508016C20F3702ECC92D38D6F31B2EC0E50AFF113B7
S31508016C304DCE90722C6D33D18F0C52B0EE326C8ED4
S31508016C40D0530DEFB1F0AE4C1291CF2D73CA947695
S31508016C5028ABF517490856B4EA6937D58B5709EBB6
S31508016C60B536688AD495CB2977F4AA4816E9B75573
S31508016C700B88D6346A2B7597C94A14F6A8742AC89C
S31508016C8096154BA9F7B6E80A54D7896B3500000063
S31508016C90891112239B322446AD573665BF74488C39
S31508016CA0C19D5AAFD3BE6CCAE5DB7EE9F7F8811000
S31508016CB0080193331A22A5562C47B7753E64C99C19
S31508016CC0408DDBBF52AEEDDA64CBFFF976E80221DF
S31508016CD08B30100299132667AF763444BD554AADF9
S31508016CE0C3BC588ED19F6EEBE7FA7CC8F5D98331C0
S31508016CF00A2091121803A7772E66B5543C45CBBDD9
S31508016D0042ACD99E508FEFFB66EAFDD874C904429E
S31508016D108D5316619F702004A9153227BB364CCEB8
S31508016D20C5DF5EEDD7FC6888E1997AABF3BA85527F
S31508016D300C4397711E60A1142805B3373A26CDDE98
S31508016D4044CFDFFD56ECE9986089FBBB72AA06635E
S31508016D508F7214409D512225AB343006B9174EEF78
S31508016D60C7FE5CCCD5DD6AA9E3B8788AF19B87733F
S31508016D700E6295501C41A3352A24B1163807CFFF58
S31508016D8046EEDDDC54CDEBB962A8F99A708B08841E
S31508016D9081951AA793B62CC2A5D33EE1B7F0400850
S31508016DA0C919522BDB3A644EED5F766DFF7C8994E7
S31508016DB000859BB712A6ADD224C3BFF136E0C11830
S31508016DC04809D33B5A2AE55E6C4FF77D7E6C0AA5C6
S31508016DD083B4188691972EE3A7F23CC0B5D1422910
S31508016DE0CB38500AD91B666FEF7E744CFD5D8BB5A7
S31508016DF002A499961087AFF326E2BDD034C1C339F0
S31508016E004A28D11A580BE77F6E6EF55C7C4D0CC685
S31508016E1085D71EE597F42880A1913AA3B3B2444ACF
S31508016E20CD5B5669DF78600CE91D722FFB3E8DD666
S31508016E3004C79FF516E4A9902081BBB332A2C55AAF
S31508016E404C4BD7795E68E11C680DF33F7A2E0EE745
S31508016E5087F61CC495D52AA1A3B03882B193466B8F
S31508016E60CF7A5448DD59622DEB3C700EF91F8FF726
S31508016E7006E69DD414C5ABB122A0B9923083C77B6F
S31508016E804E6AD5585C49E33D6A2CF11E780F00001D
S31508016E9053484F4F540000000B080141090242C0F4
S31508016EA0030A0B04000610160006101608720108DC
S31508016EB000000000000000000000000000000000C3
S31508016EC00002000018000000000000000000000099
S31508016ED01872010800000000000000000000000010
S31508016EE0000000000004000030000000000000005F
S31508016EF00000000070720108000000000000000098
S31508016F00000000000000000000040000300000003E
S31508016F100000000000000000A47201080000000043
S31508016F200000000000000000000000000002000050
S31508016F301800000000000000000000008872010827
S31508016F400000000000000000000000000000000032
S31508016F50000A0000300000000000000000000000E8
S31508016F609472010800000000000000000000000003
S31508016F7000000000000400003000000000000000CE
S31508016F8000000000B07201080000000000000000C7
S31508016F9000000000000000000002000008000000D8
S31508016FA000000000000000006472010800000000F3
S31508016FB000000000000000000000000000080000BA
S31508016FC008000000000000000000000054720108DB
S31508016FD000000000000000000000000000000000A2
S31508016FE00002000018000000000000000000000078
S31508016FF044720108000000000000000000000000C3
S315080170000000000000020000180000000000000057
S31508017010000000007C72010800000000000000006A
S315080170200000000000000000000200000800000047
S315080170300000000000000000C07201080000000006
S31508017040000000000000000000000000000200002F
S315080170500800000000000000000000002872010876
S315080170600000000000000000000000000000000011
S3150801707000040000180000000000000000000000E5
S315080170803472010800000000000000000000000042
S3150801709000000000000200001800000000000000C7
S315080170A000000000000000000000000001020304C7
S315080170B0060708090000000001020304CDCC4C3E76
S315080170C0CDCC4C3ECDCC4C3E4C5555555555A53F92
S315080170D07751C1166CC156BF9015CB19A001FA3E5E
S315080170E0AD529C804F7E92BEC4B1B4BD9EEE213E88
S315080170F0D43888BEE9FAA8BD00004054FB21F93FFF
S315080171003163621A61B4D03D0000601A61B4D03DA2
S315080171107370032E8A19A33B0000002E8A19A33B1C
S31508017120C14920259A837B39000000000000000030
S315080171306E83F9A22915444ED15727FCC0DD34F5D3
S31508017140999562DB4190433CAB6351FE61C5BBDE59
S315080171503A6E24B7E0D24D42EA2E49061C92D1096D
S315080171601CEB1DFE3EA729B1F53582E88444BB2EEA
S3150801717026709CE9417E5FB439D69139F439538337
S315080171808B5F849C3B28F9BDFF97F81F0F9805DE96
S315080171908B112FEF1F6D0A5ACF7E366DB709CB2794
S315080171A0663F464F2DEA5F9EC7BA27757BF1E5EB29
S315080171B0F739073DEA92528AB15FFB6B085D8D1F6D
S315080171C0000000006E83F9A22915444ED15727FC09
S315080171D0C0DD34F5999562DB4190433CAB6351FEC2
S315080171E0A6F810111111813FD561C119A0012ABF55
S315080171F07DFEB157E31DC73EEB9C2B8AE6E55ABED9
S315080172007CD5CF5A3AD9E53D466C6173685F4C45E2
S31508017210445F5461736B000043414E5F73656E644E
S315080172205461736B000000004C6F624D6F646554C6
S3150801723061736B004C65616E4D6F64655461736B68
S31508017240000000005370696E4D6F64655461736B7D
S3150801725000000000466C6F774D6F64655461736B6F
S3150801726000000000526566657265655461736B00BE
S3150801727052656D6F74655461736B00004C6F636B77
S315080172805461736B0000000047696D62616C54615B
S31508017290736B00004E5543636F6E74726F6C546165
S315080172A0736B0000436861737369735461736B0090
S315080172B04572726F724465746563745461736B00C9
S315080172C0524D5F55495F726566726573685F7400F2
S315080172D0F072010800000020A00300001E0A000841
S315080172E044740108A003002068B4000028E90008D6
S315080172F00330FFFF12030B1103013624A00C4603CA
S3150801730010803F0012576F12833A9A99593F97E1B5
S315080173100F342EC03836016D0AD7233C082D0AD7FB
S31508017320A33B782904190C123C24504349231644DB
S3150801733023E0C113704124803BC60764F042806193
S315080173408CCA23305369F8100DE7416B3A58A08B64
S315080173503A7D04017C160240AB0341100905530826
S31508017360065804070F160810820911160A15800B0C
S3150801737016360C18010D100217571381D50210087D
S3150801738029302968130A0632022A400C13BDAE14A5
S3150801739008B9AC4C0807B130138DAD1408ADAB1B59
S315080173A0087114C11A31281AED1C1A79081ADD0850
S315080173B0140902431302011DC0320904551A020BAE
S315080173C013052416100105240110090104240202DB
S315080173D00524061701070582030815100904013358
S315080173E0020A2E0705010240072A810704268101A0
S315080173F0821AAA01019D1324F41309151B08030413
S3150801740013BF141B082D081A5504130DB41B084D78
S31508017410041A5D041A89041AC10413D9B31B081D79
S315080174200813120114020202164083044057260269
S31508017430010203010722040309041A032DCDCC1CFA
S3090801744041044100B3
S7050800018968
